-- ============================================================
-- Phase 1 Database: phase1_analyst
-- Star Schema for 100 Days MySQL Challenge
-- Tables: 3 Fact + 6 Dimension
-- Rows: ~150 per major table
-- ============================================================

CREATE DATABASE IF NOT EXISTS phase1_analyst;
USE phase1_analyst;

-- ============================================================
-- DIMENSION TABLES
-- ============================================================

DROP TABLE IF EXISTS dim_date;
CREATE TABLE dim_date (
  date_id       INT PRIMARY KEY,
  full_date     DATE,
  day_of_week   VARCHAR(10),
  day_num       TINYINT,
  week_num      TINYINT,
  month_num     TINYINT,
  month_name    VARCHAR(10),
  quarter       TINYINT,
  year          SMALLINT,
  is_weekend    TINYINT
);
INSERT INTO dim_date VALUES
(20230101,'2023-01-01','Sunday',1,52,1,'January',1,2023,1),
(20230102,'2023-01-02','Monday',2,1,1,'January',1,2023,0),
(20230103,'2023-01-03','Tuesday',3,1,1,'January',1,2023,0),
(20230104,'2023-01-04','Wednesday',4,1,1,'January',1,2023,0),
(20230105,'2023-01-05','Thursday',5,1,1,'January',1,2023,0),
(20230106,'2023-01-06','Friday',6,1,1,'January',1,2023,0),
(20230107,'2023-01-07','Saturday',7,1,1,'January',1,2023,1),
(20230108,'2023-01-08','Sunday',8,1,1,'January',1,2023,1),
(20230109,'2023-01-09','Monday',9,2,1,'January',1,2023,0),
(20230110,'2023-01-10','Tuesday',10,2,1,'January',1,2023,0),
(20230111,'2023-01-11','Wednesday',11,2,1,'January',1,2023,0),
(20230112,'2023-01-12','Thursday',12,2,1,'January',1,2023,0),
(20230113,'2023-01-13','Friday',13,2,1,'January',1,2023,0),
(20230114,'2023-01-14','Saturday',14,2,1,'January',1,2023,1),
(20230115,'2023-01-15','Sunday',15,2,1,'January',1,2023,1),
(20230116,'2023-01-16','Monday',16,3,1,'January',1,2023,0),
(20230117,'2023-01-17','Tuesday',17,3,1,'January',1,2023,0),
(20230118,'2023-01-18','Wednesday',18,3,1,'January',1,2023,0),
(20230119,'2023-01-19','Thursday',19,3,1,'January',1,2023,0),
(20230120,'2023-01-20','Friday',20,3,1,'January',1,2023,0),
(20230121,'2023-01-21','Saturday',21,3,1,'January',1,2023,1),
(20230122,'2023-01-22','Sunday',22,3,1,'January',1,2023,1),
(20230123,'2023-01-23','Monday',23,4,1,'January',1,2023,0),
(20230124,'2023-01-24','Tuesday',24,4,1,'January',1,2023,0),
(20230125,'2023-01-25','Wednesday',25,4,1,'January',1,2023,0),
(20230126,'2023-01-26','Thursday',26,4,1,'January',1,2023,0),
(20230127,'2023-01-27','Friday',27,4,1,'January',1,2023,0),
(20230128,'2023-01-28','Saturday',28,4,1,'January',1,2023,1),
(20230129,'2023-01-29','Sunday',29,4,1,'January',1,2023,1),
(20230130,'2023-01-30','Monday',30,5,1,'January',1,2023,0),
(20230131,'2023-01-31','Tuesday',31,5,1,'January',1,2023,0),
(20230201,'2023-02-01','Wednesday',1,5,2,'February',1,2023,0),
(20230202,'2023-02-02','Thursday',2,5,2,'February',1,2023,0),
(20230203,'2023-02-03','Friday',3,5,2,'February',1,2023,0),
(20230204,'2023-02-04','Saturday',4,5,2,'February',1,2023,1),
(20230205,'2023-02-05','Sunday',5,5,2,'February',1,2023,1),
(20230206,'2023-02-06','Monday',6,6,2,'February',1,2023,0),
(20230207,'2023-02-07','Tuesday',7,6,2,'February',1,2023,0),
(20230208,'2023-02-08','Wednesday',8,6,2,'February',1,2023,0),
(20230209,'2023-02-09','Thursday',9,6,2,'February',1,2023,0),
(20230210,'2023-02-10','Friday',10,6,2,'February',1,2023,0),
(20230211,'2023-02-11','Saturday',11,6,2,'February',1,2023,1),
(20230212,'2023-02-12','Sunday',12,6,2,'February',1,2023,1),
(20230213,'2023-02-13','Monday',13,7,2,'February',1,2023,0),
(20230214,'2023-02-14','Tuesday',14,7,2,'February',1,2023,0),
(20230215,'2023-02-15','Wednesday',15,7,2,'February',1,2023,0),
(20230216,'2023-02-16','Thursday',16,7,2,'February',1,2023,0),
(20230217,'2023-02-17','Friday',17,7,2,'February',1,2023,0),
(20230218,'2023-02-18','Saturday',18,7,2,'February',1,2023,1),
(20230219,'2023-02-19','Sunday',19,7,2,'February',1,2023,1),
(20230220,'2023-02-20','Monday',20,8,2,'February',1,2023,0),
(20230221,'2023-02-21','Tuesday',21,8,2,'February',1,2023,0),
(20230222,'2023-02-22','Wednesday',22,8,2,'February',1,2023,0),
(20230223,'2023-02-23','Thursday',23,8,2,'February',1,2023,0),
(20230224,'2023-02-24','Friday',24,8,2,'February',1,2023,0),
(20230225,'2023-02-25','Saturday',25,8,2,'February',1,2023,1),
(20230226,'2023-02-26','Sunday',26,8,2,'February',1,2023,1),
(20230227,'2023-02-27','Monday',27,9,2,'February',1,2023,0),
(20230228,'2023-02-28','Tuesday',28,9,2,'February',1,2023,0),
(20230301,'2023-03-01','Wednesday',1,9,3,'March',1,2023,0),
(20230302,'2023-03-02','Thursday',2,9,3,'March',1,2023,0),
(20230303,'2023-03-03','Friday',3,9,3,'March',1,2023,0),
(20230304,'2023-03-04','Saturday',4,9,3,'March',1,2023,1),
(20230305,'2023-03-05','Sunday',5,9,3,'March',1,2023,1),
(20230306,'2023-03-06','Monday',6,10,3,'March',1,2023,0),
(20230307,'2023-03-07','Tuesday',7,10,3,'March',1,2023,0),
(20230308,'2023-03-08','Wednesday',8,10,3,'March',1,2023,0),
(20230309,'2023-03-09','Thursday',9,10,3,'March',1,2023,0),
(20230310,'2023-03-10','Friday',10,10,3,'March',1,2023,0),
(20230311,'2023-03-11','Saturday',11,10,3,'March',1,2023,1),
(20230312,'2023-03-12','Sunday',12,10,3,'March',1,2023,1),
(20230313,'2023-03-13','Monday',13,11,3,'March',1,2023,0),
(20230314,'2023-03-14','Tuesday',14,11,3,'March',1,2023,0),
(20230315,'2023-03-15','Wednesday',15,11,3,'March',1,2023,0),
(20230316,'2023-03-16','Thursday',16,11,3,'March',1,2023,0),
(20230317,'2023-03-17','Friday',17,11,3,'March',1,2023,0),
(20230318,'2023-03-18','Saturday',18,11,3,'March',1,2023,1),
(20230319,'2023-03-19','Sunday',19,11,3,'March',1,2023,1),
(20230320,'2023-03-20','Monday',20,12,3,'March',1,2023,0),
(20230321,'2023-03-21','Tuesday',21,12,3,'March',1,2023,0),
(20230322,'2023-03-22','Wednesday',22,12,3,'March',1,2023,0),
(20230323,'2023-03-23','Thursday',23,12,3,'March',1,2023,0),
(20230324,'2023-03-24','Friday',24,12,3,'March',1,2023,0),
(20230325,'2023-03-25','Saturday',25,12,3,'March',1,2023,1),
(20230326,'2023-03-26','Sunday',26,12,3,'March',1,2023,1),
(20230327,'2023-03-27','Monday',27,13,3,'March',1,2023,0),
(20230328,'2023-03-28','Tuesday',28,13,3,'March',1,2023,0),
(20230329,'2023-03-29','Wednesday',29,13,3,'March',1,2023,0),
(20230330,'2023-03-30','Thursday',30,13,3,'March',1,2023,0),
(20230331,'2023-03-31','Friday',31,13,3,'March',1,2023,0),
(20230401,'2023-04-01','Saturday',1,13,4,'April',2,2023,1),
(20230402,'2023-04-02','Sunday',2,13,4,'April',2,2023,1),
(20230403,'2023-04-03','Monday',3,14,4,'April',2,2023,0),
(20230404,'2023-04-04','Tuesday',4,14,4,'April',2,2023,0),
(20230405,'2023-04-05','Wednesday',5,14,4,'April',2,2023,0),
(20230406,'2023-04-06','Thursday',6,14,4,'April',2,2023,0),
(20230407,'2023-04-07','Friday',7,14,4,'April',2,2023,0),
(20230408,'2023-04-08','Saturday',8,14,4,'April',2,2023,1),
(20230409,'2023-04-09','Sunday',9,14,4,'April',2,2023,1),
(20230410,'2023-04-10','Monday',10,15,4,'April',2,2023,0),
(20230411,'2023-04-11','Tuesday',11,15,4,'April',2,2023,0),
(20230412,'2023-04-12','Wednesday',12,15,4,'April',2,2023,0),
(20230413,'2023-04-13','Thursday',13,15,4,'April',2,2023,0),
(20230414,'2023-04-14','Friday',14,15,4,'April',2,2023,0),
(20230415,'2023-04-15','Saturday',15,15,4,'April',2,2023,1),
(20230416,'2023-04-16','Sunday',16,15,4,'April',2,2023,1),
(20230417,'2023-04-17','Monday',17,16,4,'April',2,2023,0),
(20230418,'2023-04-18','Tuesday',18,16,4,'April',2,2023,0),
(20230419,'2023-04-19','Wednesday',19,16,4,'April',2,2023,0),
(20230420,'2023-04-20','Thursday',20,16,4,'April',2,2023,0),
(20230421,'2023-04-21','Friday',21,16,4,'April',2,2023,0),
(20230422,'2023-04-22','Saturday',22,16,4,'April',2,2023,1),
(20230423,'2023-04-23','Sunday',23,16,4,'April',2,2023,1),
(20230424,'2023-04-24','Monday',24,17,4,'April',2,2023,0),
(20230425,'2023-04-25','Tuesday',25,17,4,'April',2,2023,0),
(20230426,'2023-04-26','Wednesday',26,17,4,'April',2,2023,0),
(20230427,'2023-04-27','Thursday',27,17,4,'April',2,2023,0),
(20230428,'2023-04-28','Friday',28,17,4,'April',2,2023,0),
(20230429,'2023-04-29','Saturday',29,17,4,'April',2,2023,1),
(20230430,'2023-04-30','Sunday',30,17,4,'April',2,2023,1),
(20230501,'2023-05-01','Monday',1,18,5,'May',2,2023,0),
(20230502,'2023-05-02','Tuesday',2,18,5,'May',2,2023,0),
(20230503,'2023-05-03','Wednesday',3,18,5,'May',2,2023,0),
(20230504,'2023-05-04','Thursday',4,18,5,'May',2,2023,0),
(20230505,'2023-05-05','Friday',5,18,5,'May',2,2023,0),
(20230506,'2023-05-06','Saturday',6,18,5,'May',2,2023,1),
(20230507,'2023-05-07','Sunday',7,18,5,'May',2,2023,1),
(20230508,'2023-05-08','Monday',8,19,5,'May',2,2023,0),
(20230509,'2023-05-09','Tuesday',9,19,5,'May',2,2023,0),
(20230510,'2023-05-10','Wednesday',10,19,5,'May',2,2023,0),
(20230511,'2023-05-11','Thursday',11,19,5,'May',2,2023,0),
(20230512,'2023-05-12','Friday',12,19,5,'May',2,2023,0),
(20230513,'2023-05-13','Saturday',13,19,5,'May',2,2023,1),
(20230514,'2023-05-14','Sunday',14,19,5,'May',2,2023,1),
(20230515,'2023-05-15','Monday',15,20,5,'May',2,2023,0),
(20230516,'2023-05-16','Tuesday',16,20,5,'May',2,2023,0),
(20230517,'2023-05-17','Wednesday',17,20,5,'May',2,2023,0),
(20230518,'2023-05-18','Thursday',18,20,5,'May',2,2023,0),
(20230519,'2023-05-19','Friday',19,20,5,'May',2,2023,0),
(20230520,'2023-05-20','Saturday',20,20,5,'May',2,2023,1),
(20230521,'2023-05-21','Sunday',21,20,5,'May',2,2023,1),
(20230522,'2023-05-22','Monday',22,21,5,'May',2,2023,0),
(20230523,'2023-05-23','Tuesday',23,21,5,'May',2,2023,0),
(20230524,'2023-05-24','Wednesday',24,21,5,'May',2,2023,0),
(20230525,'2023-05-25','Thursday',25,21,5,'May',2,2023,0),
(20230526,'2023-05-26','Friday',26,21,5,'May',2,2023,0),
(20230527,'2023-05-27','Saturday',27,21,5,'May',2,2023,1),
(20230528,'2023-05-28','Sunday',28,21,5,'May',2,2023,1),
(20230529,'2023-05-29','Monday',29,22,5,'May',2,2023,0),
(20230530,'2023-05-30','Tuesday',30,22,5,'May',2,2023,0),
(20230531,'2023-05-31','Wednesday',31,22,5,'May',2,2023,0),
(20230601,'2023-06-01','Thursday',1,22,6,'June',2,2023,0),
(20230602,'2023-06-02','Friday',2,22,6,'June',2,2023,0),
(20230603,'2023-06-03','Saturday',3,22,6,'June',2,2023,1),
(20230604,'2023-06-04','Sunday',4,22,6,'June',2,2023,1),
(20230605,'2023-06-05','Monday',5,23,6,'June',2,2023,0),
(20230606,'2023-06-06','Tuesday',6,23,6,'June',2,2023,0),
(20230607,'2023-06-07','Wednesday',7,23,6,'June',2,2023,0),
(20230608,'2023-06-08','Thursday',8,23,6,'June',2,2023,0),
(20230609,'2023-06-09','Friday',9,23,6,'June',2,2023,0),
(20230610,'2023-06-10','Saturday',10,23,6,'June',2,2023,1),
(20230611,'2023-06-11','Sunday',11,23,6,'June',2,2023,1),
(20230612,'2023-06-12','Monday',12,24,6,'June',2,2023,0),
(20230613,'2023-06-13','Tuesday',13,24,6,'June',2,2023,0),
(20230614,'2023-06-14','Wednesday',14,24,6,'June',2,2023,0),
(20230615,'2023-06-15','Thursday',15,24,6,'June',2,2023,0),
(20230616,'2023-06-16','Friday',16,24,6,'June',2,2023,0),
(20230617,'2023-06-17','Saturday',17,24,6,'June',2,2023,1),
(20230618,'2023-06-18','Sunday',18,24,6,'June',2,2023,1),
(20230619,'2023-06-19','Monday',19,25,6,'June',2,2023,0),
(20230620,'2023-06-20','Tuesday',20,25,6,'June',2,2023,0),
(20230621,'2023-06-21','Wednesday',21,25,6,'June',2,2023,0),
(20230622,'2023-06-22','Thursday',22,25,6,'June',2,2023,0),
(20230623,'2023-06-23','Friday',23,25,6,'June',2,2023,0),
(20230624,'2023-06-24','Saturday',24,25,6,'June',2,2023,1),
(20230625,'2023-06-25','Sunday',25,25,6,'June',2,2023,1),
(20230626,'2023-06-26','Monday',26,26,6,'June',2,2023,0),
(20230627,'2023-06-27','Tuesday',27,26,6,'June',2,2023,0),
(20230628,'2023-06-28','Wednesday',28,26,6,'June',2,2023,0),
(20230629,'2023-06-29','Thursday',29,26,6,'June',2,2023,0),
(20230630,'2023-06-30','Friday',30,26,6,'June',2,2023,0),
(20230701,'2023-07-01','Saturday',1,26,7,'July',3,2023,1),
(20230702,'2023-07-02','Sunday',2,26,7,'July',3,2023,1),
(20230703,'2023-07-03','Monday',3,27,7,'July',3,2023,0),
(20230704,'2023-07-04','Tuesday',4,27,7,'July',3,2023,0),
(20230705,'2023-07-05','Wednesday',5,27,7,'July',3,2023,0),
(20230706,'2023-07-06','Thursday',6,27,7,'July',3,2023,0),
(20230707,'2023-07-07','Friday',7,27,7,'July',3,2023,0),
(20230708,'2023-07-08','Saturday',8,27,7,'July',3,2023,1),
(20230709,'2023-07-09','Sunday',9,27,7,'July',3,2023,1),
(20230710,'2023-07-10','Monday',10,28,7,'July',3,2023,0),
(20230711,'2023-07-11','Tuesday',11,28,7,'July',3,2023,0),
(20230712,'2023-07-12','Wednesday',12,28,7,'July',3,2023,0),
(20230713,'2023-07-13','Thursday',13,28,7,'July',3,2023,0),
(20230714,'2023-07-14','Friday',14,28,7,'July',3,2023,0),
(20230715,'2023-07-15','Saturday',15,28,7,'July',3,2023,1),
(20230716,'2023-07-16','Sunday',16,28,7,'July',3,2023,1),
(20230717,'2023-07-17','Monday',17,29,7,'July',3,2023,0),
(20230718,'2023-07-18','Tuesday',18,29,7,'July',3,2023,0),
(20230719,'2023-07-19','Wednesday',19,29,7,'July',3,2023,0),
(20230720,'2023-07-20','Thursday',20,29,7,'July',3,2023,0),
(20230721,'2023-07-21','Friday',21,29,7,'July',3,2023,0),
(20230722,'2023-07-22','Saturday',22,29,7,'July',3,2023,1),
(20230723,'2023-07-23','Sunday',23,29,7,'July',3,2023,1),
(20230724,'2023-07-24','Monday',24,30,7,'July',3,2023,0),
(20230725,'2023-07-25','Tuesday',25,30,7,'July',3,2023,0),
(20230726,'2023-07-26','Wednesday',26,30,7,'July',3,2023,0),
(20230727,'2023-07-27','Thursday',27,30,7,'July',3,2023,0),
(20230728,'2023-07-28','Friday',28,30,7,'July',3,2023,0),
(20230729,'2023-07-29','Saturday',29,30,7,'July',3,2023,1),
(20230730,'2023-07-30','Sunday',30,30,7,'July',3,2023,1),
(20230731,'2023-07-31','Monday',31,31,7,'July',3,2023,0),
(20230801,'2023-08-01','Tuesday',1,31,8,'August',3,2023,0),
(20230802,'2023-08-02','Wednesday',2,31,8,'August',3,2023,0),
(20230803,'2023-08-03','Thursday',3,31,8,'August',3,2023,0),
(20230804,'2023-08-04','Friday',4,31,8,'August',3,2023,0),
(20230805,'2023-08-05','Saturday',5,31,8,'August',3,2023,1),
(20230806,'2023-08-06','Sunday',6,31,8,'August',3,2023,1),
(20230807,'2023-08-07','Monday',7,32,8,'August',3,2023,0),
(20230808,'2023-08-08','Tuesday',8,32,8,'August',3,2023,0),
(20230809,'2023-08-09','Wednesday',9,32,8,'August',3,2023,0),
(20230810,'2023-08-10','Thursday',10,32,8,'August',3,2023,0),
(20230811,'2023-08-11','Friday',11,32,8,'August',3,2023,0),
(20230812,'2023-08-12','Saturday',12,32,8,'August',3,2023,1),
(20230813,'2023-08-13','Sunday',13,32,8,'August',3,2023,1),
(20230814,'2023-08-14','Monday',14,33,8,'August',3,2023,0),
(20230815,'2023-08-15','Tuesday',15,33,8,'August',3,2023,0),
(20230816,'2023-08-16','Wednesday',16,33,8,'August',3,2023,0),
(20230817,'2023-08-17','Thursday',17,33,8,'August',3,2023,0),
(20230818,'2023-08-18','Friday',18,33,8,'August',3,2023,0),
(20230819,'2023-08-19','Saturday',19,33,8,'August',3,2023,1),
(20230820,'2023-08-20','Sunday',20,33,8,'August',3,2023,1),
(20230821,'2023-08-21','Monday',21,34,8,'August',3,2023,0),
(20230822,'2023-08-22','Tuesday',22,34,8,'August',3,2023,0),
(20230823,'2023-08-23','Wednesday',23,34,8,'August',3,2023,0),
(20230824,'2023-08-24','Thursday',24,34,8,'August',3,2023,0),
(20230825,'2023-08-25','Friday',25,34,8,'August',3,2023,0),
(20230826,'2023-08-26','Saturday',26,34,8,'August',3,2023,1),
(20230827,'2023-08-27','Sunday',27,34,8,'August',3,2023,1),
(20230828,'2023-08-28','Monday',28,35,8,'August',3,2023,0),
(20230829,'2023-08-29','Tuesday',29,35,8,'August',3,2023,0),
(20230830,'2023-08-30','Wednesday',30,35,8,'August',3,2023,0),
(20230831,'2023-08-31','Thursday',31,35,8,'August',3,2023,0),
(20230901,'2023-09-01','Friday',1,35,9,'September',3,2023,0),
(20230902,'2023-09-02','Saturday',2,35,9,'September',3,2023,1),
(20230903,'2023-09-03','Sunday',3,35,9,'September',3,2023,1),
(20230904,'2023-09-04','Monday',4,36,9,'September',3,2023,0),
(20230905,'2023-09-05','Tuesday',5,36,9,'September',3,2023,0),
(20230906,'2023-09-06','Wednesday',6,36,9,'September',3,2023,0),
(20230907,'2023-09-07','Thursday',7,36,9,'September',3,2023,0),
(20230908,'2023-09-08','Friday',8,36,9,'September',3,2023,0),
(20230909,'2023-09-09','Saturday',9,36,9,'September',3,2023,1),
(20230910,'2023-09-10','Sunday',10,36,9,'September',3,2023,1),
(20230911,'2023-09-11','Monday',11,37,9,'September',3,2023,0),
(20230912,'2023-09-12','Tuesday',12,37,9,'September',3,2023,0),
(20230913,'2023-09-13','Wednesday',13,37,9,'September',3,2023,0),
(20230914,'2023-09-14','Thursday',14,37,9,'September',3,2023,0),
(20230915,'2023-09-15','Friday',15,37,9,'September',3,2023,0),
(20230916,'2023-09-16','Saturday',16,37,9,'September',3,2023,1),
(20230917,'2023-09-17','Sunday',17,37,9,'September',3,2023,1),
(20230918,'2023-09-18','Monday',18,38,9,'September',3,2023,0),
(20230919,'2023-09-19','Tuesday',19,38,9,'September',3,2023,0),
(20230920,'2023-09-20','Wednesday',20,38,9,'September',3,2023,0),
(20230921,'2023-09-21','Thursday',21,38,9,'September',3,2023,0),
(20230922,'2023-09-22','Friday',22,38,9,'September',3,2023,0),
(20230923,'2023-09-23','Saturday',23,38,9,'September',3,2023,1),
(20230924,'2023-09-24','Sunday',24,38,9,'September',3,2023,1),
(20230925,'2023-09-25','Monday',25,39,9,'September',3,2023,0),
(20230926,'2023-09-26','Tuesday',26,39,9,'September',3,2023,0),
(20230927,'2023-09-27','Wednesday',27,39,9,'September',3,2023,0),
(20230928,'2023-09-28','Thursday',28,39,9,'September',3,2023,0),
(20230929,'2023-09-29','Friday',29,39,9,'September',3,2023,0),
(20230930,'2023-09-30','Saturday',30,39,9,'September',3,2023,1),
(20231001,'2023-10-01','Sunday',1,39,10,'October',4,2023,1),
(20231002,'2023-10-02','Monday',2,40,10,'October',4,2023,0),
(20231003,'2023-10-03','Tuesday',3,40,10,'October',4,2023,0),
(20231004,'2023-10-04','Wednesday',4,40,10,'October',4,2023,0),
(20231005,'2023-10-05','Thursday',5,40,10,'October',4,2023,0),
(20231006,'2023-10-06','Friday',6,40,10,'October',4,2023,0),
(20231007,'2023-10-07','Saturday',7,40,10,'October',4,2023,1),
(20231008,'2023-10-08','Sunday',8,40,10,'October',4,2023,1),
(20231009,'2023-10-09','Monday',9,41,10,'October',4,2023,0),
(20231010,'2023-10-10','Tuesday',10,41,10,'October',4,2023,0),
(20231011,'2023-10-11','Wednesday',11,41,10,'October',4,2023,0),
(20231012,'2023-10-12','Thursday',12,41,10,'October',4,2023,0),
(20231013,'2023-10-13','Friday',13,41,10,'October',4,2023,0),
(20231014,'2023-10-14','Saturday',14,41,10,'October',4,2023,1),
(20231015,'2023-10-15','Sunday',15,41,10,'October',4,2023,1),
(20231016,'2023-10-16','Monday',16,42,10,'October',4,2023,0),
(20231017,'2023-10-17','Tuesday',17,42,10,'October',4,2023,0),
(20231018,'2023-10-18','Wednesday',18,42,10,'October',4,2023,0),
(20231019,'2023-10-19','Thursday',19,42,10,'October',4,2023,0),
(20231020,'2023-10-20','Friday',20,42,10,'October',4,2023,0),
(20231021,'2023-10-21','Saturday',21,42,10,'October',4,2023,1),
(20231022,'2023-10-22','Sunday',22,42,10,'October',4,2023,1),
(20231023,'2023-10-23','Monday',23,43,10,'October',4,2023,0),
(20231024,'2023-10-24','Tuesday',24,43,10,'October',4,2023,0),
(20231025,'2023-10-25','Wednesday',25,43,10,'October',4,2023,0),
(20231026,'2023-10-26','Thursday',26,43,10,'October',4,2023,0),
(20231027,'2023-10-27','Friday',27,43,10,'October',4,2023,0),
(20231028,'2023-10-28','Saturday',28,43,10,'October',4,2023,1),
(20231029,'2023-10-29','Sunday',29,43,10,'October',4,2023,1),
(20231030,'2023-10-30','Monday',30,44,10,'October',4,2023,0),
(20231031,'2023-10-31','Tuesday',31,44,10,'October',4,2023,0),
(20231101,'2023-11-01','Wednesday',1,44,11,'November',4,2023,0),
(20231102,'2023-11-02','Thursday',2,44,11,'November',4,2023,0),
(20231103,'2023-11-03','Friday',3,44,11,'November',4,2023,0),
(20231104,'2023-11-04','Saturday',4,44,11,'November',4,2023,1),
(20231105,'2023-11-05','Sunday',5,44,11,'November',4,2023,1),
(20231106,'2023-11-06','Monday',6,45,11,'November',4,2023,0),
(20231107,'2023-11-07','Tuesday',7,45,11,'November',4,2023,0),
(20231108,'2023-11-08','Wednesday',8,45,11,'November',4,2023,0),
(20231109,'2023-11-09','Thursday',9,45,11,'November',4,2023,0),
(20231110,'2023-11-10','Friday',10,45,11,'November',4,2023,0),
(20231111,'2023-11-11','Saturday',11,45,11,'November',4,2023,1),
(20231112,'2023-11-12','Sunday',12,45,11,'November',4,2023,1),
(20231113,'2023-11-13','Monday',13,46,11,'November',4,2023,0),
(20231114,'2023-11-14','Tuesday',14,46,11,'November',4,2023,0),
(20231115,'2023-11-15','Wednesday',15,46,11,'November',4,2023,0),
(20231116,'2023-11-16','Thursday',16,46,11,'November',4,2023,0),
(20231117,'2023-11-17','Friday',17,46,11,'November',4,2023,0),
(20231118,'2023-11-18','Saturday',18,46,11,'November',4,2023,1),
(20231119,'2023-11-19','Sunday',19,46,11,'November',4,2023,1),
(20231120,'2023-11-20','Monday',20,47,11,'November',4,2023,0),
(20231121,'2023-11-21','Tuesday',21,47,11,'November',4,2023,0),
(20231122,'2023-11-22','Wednesday',22,47,11,'November',4,2023,0),
(20231123,'2023-11-23','Thursday',23,47,11,'November',4,2023,0),
(20231124,'2023-11-24','Friday',24,47,11,'November',4,2023,0),
(20231125,'2023-11-25','Saturday',25,47,11,'November',4,2023,1),
(20231126,'2023-11-26','Sunday',26,47,11,'November',4,2023,1),
(20231127,'2023-11-27','Monday',27,48,11,'November',4,2023,0),
(20231128,'2023-11-28','Tuesday',28,48,11,'November',4,2023,0),
(20231129,'2023-11-29','Wednesday',29,48,11,'November',4,2023,0),
(20231130,'2023-11-30','Thursday',30,48,11,'November',4,2023,0),
(20231201,'2023-12-01','Friday',1,48,12,'December',4,2023,0),
(20231202,'2023-12-02','Saturday',2,48,12,'December',4,2023,1),
(20231203,'2023-12-03','Sunday',3,48,12,'December',4,2023,1),
(20231204,'2023-12-04','Monday',4,49,12,'December',4,2023,0),
(20231205,'2023-12-05','Tuesday',5,49,12,'December',4,2023,0),
(20231206,'2023-12-06','Wednesday',6,49,12,'December',4,2023,0),
(20231207,'2023-12-07','Thursday',7,49,12,'December',4,2023,0),
(20231208,'2023-12-08','Friday',8,49,12,'December',4,2023,0),
(20231209,'2023-12-09','Saturday',9,49,12,'December',4,2023,1),
(20231210,'2023-12-10','Sunday',10,49,12,'December',4,2023,1),
(20231211,'2023-12-11','Monday',11,50,12,'December',4,2023,0),
(20231212,'2023-12-12','Tuesday',12,50,12,'December',4,2023,0),
(20231213,'2023-12-13','Wednesday',13,50,12,'December',4,2023,0),
(20231214,'2023-12-14','Thursday',14,50,12,'December',4,2023,0),
(20231215,'2023-12-15','Friday',15,50,12,'December',4,2023,0),
(20231216,'2023-12-16','Saturday',16,50,12,'December',4,2023,1),
(20231217,'2023-12-17','Sunday',17,50,12,'December',4,2023,1),
(20231218,'2023-12-18','Monday',18,51,12,'December',4,2023,0),
(20231219,'2023-12-19','Tuesday',19,51,12,'December',4,2023,0),
(20231220,'2023-12-20','Wednesday',20,51,12,'December',4,2023,0),
(20231221,'2023-12-21','Thursday',21,51,12,'December',4,2023,0),
(20231222,'2023-12-22','Friday',22,51,12,'December',4,2023,0),
(20231223,'2023-12-23','Saturday',23,51,12,'December',4,2023,1),
(20231224,'2023-12-24','Sunday',24,51,12,'December',4,2023,1),
(20231225,'2023-12-25','Monday',25,52,12,'December',4,2023,0),
(20231226,'2023-12-26','Tuesday',26,52,12,'December',4,2023,0),
(20231227,'2023-12-27','Wednesday',27,52,12,'December',4,2023,0),
(20231228,'2023-12-28','Thursday',28,52,12,'December',4,2023,0),
(20231229,'2023-12-29','Friday',29,52,12,'December',4,2023,0),
(20231230,'2023-12-30','Saturday',30,52,12,'December',4,2023,1),
(20231231,'2023-12-31','Sunday',31,52,12,'December',4,2023,1),
(20240101,'2024-01-01','Monday',1,1,1,'January',1,2024,0),
(20240102,'2024-01-02','Tuesday',2,1,1,'January',1,2024,0),
(20240103,'2024-01-03','Wednesday',3,1,1,'January',1,2024,0),
(20240104,'2024-01-04','Thursday',4,1,1,'January',1,2024,0),
(20240105,'2024-01-05','Friday',5,1,1,'January',1,2024,0),
(20240106,'2024-01-06','Saturday',6,1,1,'January',1,2024,1),
(20240107,'2024-01-07','Sunday',7,1,1,'January',1,2024,1),
(20240108,'2024-01-08','Monday',8,2,1,'January',1,2024,0),
(20240109,'2024-01-09','Tuesday',9,2,1,'January',1,2024,0),
(20240110,'2024-01-10','Wednesday',10,2,1,'January',1,2024,0),
(20240111,'2024-01-11','Thursday',11,2,1,'January',1,2024,0),
(20240112,'2024-01-12','Friday',12,2,1,'January',1,2024,0),
(20240113,'2024-01-13','Saturday',13,2,1,'January',1,2024,1),
(20240114,'2024-01-14','Sunday',14,2,1,'January',1,2024,1),
(20240115,'2024-01-15','Monday',15,3,1,'January',1,2024,0),
(20240116,'2024-01-16','Tuesday',16,3,1,'January',1,2024,0),
(20240117,'2024-01-17','Wednesday',17,3,1,'January',1,2024,0),
(20240118,'2024-01-18','Thursday',18,3,1,'January',1,2024,0),
(20240119,'2024-01-19','Friday',19,3,1,'January',1,2024,0),
(20240120,'2024-01-20','Saturday',20,3,1,'January',1,2024,1),
(20240121,'2024-01-21','Sunday',21,3,1,'January',1,2024,1),
(20240122,'2024-01-22','Monday',22,4,1,'January',1,2024,0),
(20240123,'2024-01-23','Tuesday',23,4,1,'January',1,2024,0),
(20240124,'2024-01-24','Wednesday',24,4,1,'January',1,2024,0),
(20240125,'2024-01-25','Thursday',25,4,1,'January',1,2024,0),
(20240126,'2024-01-26','Friday',26,4,1,'January',1,2024,0),
(20240127,'2024-01-27','Saturday',27,4,1,'January',1,2024,1),
(20240128,'2024-01-28','Sunday',28,4,1,'January',1,2024,1),
(20240129,'2024-01-29','Monday',29,5,1,'January',1,2024,0),
(20240130,'2024-01-30','Tuesday',30,5,1,'January',1,2024,0),
(20240131,'2024-01-31','Wednesday',31,5,1,'January',1,2024,0),
(20240201,'2024-02-01','Thursday',1,5,2,'February',1,2024,0),
(20240202,'2024-02-02','Friday',2,5,2,'February',1,2024,0),
(20240203,'2024-02-03','Saturday',3,5,2,'February',1,2024,1),
(20240204,'2024-02-04','Sunday',4,5,2,'February',1,2024,1),
(20240205,'2024-02-05','Monday',5,6,2,'February',1,2024,0),
(20240206,'2024-02-06','Tuesday',6,6,2,'February',1,2024,0),
(20240207,'2024-02-07','Wednesday',7,6,2,'February',1,2024,0),
(20240208,'2024-02-08','Thursday',8,6,2,'February',1,2024,0),
(20240209,'2024-02-09','Friday',9,6,2,'February',1,2024,0),
(20240210,'2024-02-10','Saturday',10,6,2,'February',1,2024,1),
(20240211,'2024-02-11','Sunday',11,6,2,'February',1,2024,1),
(20240212,'2024-02-12','Monday',12,7,2,'February',1,2024,0),
(20240213,'2024-02-13','Tuesday',13,7,2,'February',1,2024,0),
(20240214,'2024-02-14','Wednesday',14,7,2,'February',1,2024,0),
(20240215,'2024-02-15','Thursday',15,7,2,'February',1,2024,0),
(20240216,'2024-02-16','Friday',16,7,2,'February',1,2024,0),
(20240217,'2024-02-17','Saturday',17,7,2,'February',1,2024,1),
(20240218,'2024-02-18','Sunday',18,7,2,'February',1,2024,1),
(20240219,'2024-02-19','Monday',19,8,2,'February',1,2024,0),
(20240220,'2024-02-20','Tuesday',20,8,2,'February',1,2024,0),
(20240221,'2024-02-21','Wednesday',21,8,2,'February',1,2024,0),
(20240222,'2024-02-22','Thursday',22,8,2,'February',1,2024,0),
(20240223,'2024-02-23','Friday',23,8,2,'February',1,2024,0),
(20240224,'2024-02-24','Saturday',24,8,2,'February',1,2024,1),
(20240225,'2024-02-25','Sunday',25,8,2,'February',1,2024,1),
(20240226,'2024-02-26','Monday',26,9,2,'February',1,2024,0),
(20240227,'2024-02-27','Tuesday',27,9,2,'February',1,2024,0),
(20240228,'2024-02-28','Wednesday',28,9,2,'February',1,2024,0),
(20240229,'2024-02-29','Thursday',29,9,2,'February',1,2024,0),
(20240301,'2024-03-01','Friday',1,9,3,'March',1,2024,0),
(20240302,'2024-03-02','Saturday',2,9,3,'March',1,2024,1),
(20240303,'2024-03-03','Sunday',3,9,3,'March',1,2024,1),
(20240304,'2024-03-04','Monday',4,10,3,'March',1,2024,0),
(20240305,'2024-03-05','Tuesday',5,10,3,'March',1,2024,0),
(20240306,'2024-03-06','Wednesday',6,10,3,'March',1,2024,0),
(20240307,'2024-03-07','Thursday',7,10,3,'March',1,2024,0),
(20240308,'2024-03-08','Friday',8,10,3,'March',1,2024,0),
(20240309,'2024-03-09','Saturday',9,10,3,'March',1,2024,1),
(20240310,'2024-03-10','Sunday',10,10,3,'March',1,2024,1),
(20240311,'2024-03-11','Monday',11,11,3,'March',1,2024,0),
(20240312,'2024-03-12','Tuesday',12,11,3,'March',1,2024,0),
(20240313,'2024-03-13','Wednesday',13,11,3,'March',1,2024,0),
(20240314,'2024-03-14','Thursday',14,11,3,'March',1,2024,0),
(20240315,'2024-03-15','Friday',15,11,3,'March',1,2024,0),
(20240316,'2024-03-16','Saturday',16,11,3,'March',1,2024,1),
(20240317,'2024-03-17','Sunday',17,11,3,'March',1,2024,1),
(20240318,'2024-03-18','Monday',18,12,3,'March',1,2024,0),
(20240319,'2024-03-19','Tuesday',19,12,3,'March',1,2024,0),
(20240320,'2024-03-20','Wednesday',20,12,3,'March',1,2024,0),
(20240321,'2024-03-21','Thursday',21,12,3,'March',1,2024,0),
(20240322,'2024-03-22','Friday',22,12,3,'March',1,2024,0),
(20240323,'2024-03-23','Saturday',23,12,3,'March',1,2024,1),
(20240324,'2024-03-24','Sunday',24,12,3,'March',1,2024,1),
(20240325,'2024-03-25','Monday',25,13,3,'March',1,2024,0),
(20240326,'2024-03-26','Tuesday',26,13,3,'March',1,2024,0),
(20240327,'2024-03-27','Wednesday',27,13,3,'March',1,2024,0),
(20240328,'2024-03-28','Thursday',28,13,3,'March',1,2024,0),
(20240329,'2024-03-29','Friday',29,13,3,'March',1,2024,0),
(20240330,'2024-03-30','Saturday',30,13,3,'March',1,2024,1),
(20240331,'2024-03-31','Sunday',31,13,3,'March',1,2024,1),
(20240401,'2024-04-01','Monday',1,14,4,'April',2,2024,0),
(20240402,'2024-04-02','Tuesday',2,14,4,'April',2,2024,0),
(20240403,'2024-04-03','Wednesday',3,14,4,'April',2,2024,0),
(20240404,'2024-04-04','Thursday',4,14,4,'April',2,2024,0),
(20240405,'2024-04-05','Friday',5,14,4,'April',2,2024,0),
(20240406,'2024-04-06','Saturday',6,14,4,'April',2,2024,1),
(20240407,'2024-04-07','Sunday',7,14,4,'April',2,2024,1),
(20240408,'2024-04-08','Monday',8,15,4,'April',2,2024,0),
(20240409,'2024-04-09','Tuesday',9,15,4,'April',2,2024,0),
(20240410,'2024-04-10','Wednesday',10,15,4,'April',2,2024,0),
(20240411,'2024-04-11','Thursday',11,15,4,'April',2,2024,0),
(20240412,'2024-04-12','Friday',12,15,4,'April',2,2024,0),
(20240413,'2024-04-13','Saturday',13,15,4,'April',2,2024,1),
(20240414,'2024-04-14','Sunday',14,15,4,'April',2,2024,1),
(20240415,'2024-04-15','Monday',15,16,4,'April',2,2024,0),
(20240416,'2024-04-16','Tuesday',16,16,4,'April',2,2024,0),
(20240417,'2024-04-17','Wednesday',17,16,4,'April',2,2024,0),
(20240418,'2024-04-18','Thursday',18,16,4,'April',2,2024,0),
(20240419,'2024-04-19','Friday',19,16,4,'April',2,2024,0),
(20240420,'2024-04-20','Saturday',20,16,4,'April',2,2024,1),
(20240421,'2024-04-21','Sunday',21,16,4,'April',2,2024,1),
(20240422,'2024-04-22','Monday',22,17,4,'April',2,2024,0),
(20240423,'2024-04-23','Tuesday',23,17,4,'April',2,2024,0),
(20240424,'2024-04-24','Wednesday',24,17,4,'April',2,2024,0),
(20240425,'2024-04-25','Thursday',25,17,4,'April',2,2024,0),
(20240426,'2024-04-26','Friday',26,17,4,'April',2,2024,0),
(20240427,'2024-04-27','Saturday',27,17,4,'April',2,2024,1),
(20240428,'2024-04-28','Sunday',28,17,4,'April',2,2024,1),
(20240429,'2024-04-29','Monday',29,18,4,'April',2,2024,0),
(20240430,'2024-04-30','Tuesday',30,18,4,'April',2,2024,0),
(20240501,'2024-05-01','Wednesday',1,18,5,'May',2,2024,0),
(20240502,'2024-05-02','Thursday',2,18,5,'May',2,2024,0),
(20240503,'2024-05-03','Friday',3,18,5,'May',2,2024,0),
(20240504,'2024-05-04','Saturday',4,18,5,'May',2,2024,1),
(20240505,'2024-05-05','Sunday',5,18,5,'May',2,2024,1),
(20240506,'2024-05-06','Monday',6,19,5,'May',2,2024,0),
(20240507,'2024-05-07','Tuesday',7,19,5,'May',2,2024,0),
(20240508,'2024-05-08','Wednesday',8,19,5,'May',2,2024,0),
(20240509,'2024-05-09','Thursday',9,19,5,'May',2,2024,0),
(20240510,'2024-05-10','Friday',10,19,5,'May',2,2024,0),
(20240511,'2024-05-11','Saturday',11,19,5,'May',2,2024,1),
(20240512,'2024-05-12','Sunday',12,19,5,'May',2,2024,1),
(20240513,'2024-05-13','Monday',13,20,5,'May',2,2024,0),
(20240514,'2024-05-14','Tuesday',14,20,5,'May',2,2024,0),
(20240515,'2024-05-15','Wednesday',15,20,5,'May',2,2024,0),
(20240516,'2024-05-16','Thursday',16,20,5,'May',2,2024,0),
(20240517,'2024-05-17','Friday',17,20,5,'May',2,2024,0),
(20240518,'2024-05-18','Saturday',18,20,5,'May',2,2024,1),
(20240519,'2024-05-19','Sunday',19,20,5,'May',2,2024,1),
(20240520,'2024-05-20','Monday',20,21,5,'May',2,2024,0),
(20240521,'2024-05-21','Tuesday',21,21,5,'May',2,2024,0),
(20240522,'2024-05-22','Wednesday',22,21,5,'May',2,2024,0),
(20240523,'2024-05-23','Thursday',23,21,5,'May',2,2024,0),
(20240524,'2024-05-24','Friday',24,21,5,'May',2,2024,0),
(20240525,'2024-05-25','Saturday',25,21,5,'May',2,2024,1),
(20240526,'2024-05-26','Sunday',26,21,5,'May',2,2024,1),
(20240527,'2024-05-27','Monday',27,22,5,'May',2,2024,0),
(20240528,'2024-05-28','Tuesday',28,22,5,'May',2,2024,0),
(20240529,'2024-05-29','Wednesday',29,22,5,'May',2,2024,0),
(20240530,'2024-05-30','Thursday',30,22,5,'May',2,2024,0),
(20240531,'2024-05-31','Friday',31,22,5,'May',2,2024,0),
(20240601,'2024-06-01','Saturday',1,22,6,'June',2,2024,1),
(20240602,'2024-06-02','Sunday',2,22,6,'June',2,2024,1),
(20240603,'2024-06-03','Monday',3,23,6,'June',2,2024,0),
(20240604,'2024-06-04','Tuesday',4,23,6,'June',2,2024,0),
(20240605,'2024-06-05','Wednesday',5,23,6,'June',2,2024,0),
(20240606,'2024-06-06','Thursday',6,23,6,'June',2,2024,0),
(20240607,'2024-06-07','Friday',7,23,6,'June',2,2024,0),
(20240608,'2024-06-08','Saturday',8,23,6,'June',2,2024,1),
(20240609,'2024-06-09','Sunday',9,23,6,'June',2,2024,1),
(20240610,'2024-06-10','Monday',10,24,6,'June',2,2024,0),
(20240611,'2024-06-11','Tuesday',11,24,6,'June',2,2024,0),
(20240612,'2024-06-12','Wednesday',12,24,6,'June',2,2024,0),
(20240613,'2024-06-13','Thursday',13,24,6,'June',2,2024,0),
(20240614,'2024-06-14','Friday',14,24,6,'June',2,2024,0),
(20240615,'2024-06-15','Saturday',15,24,6,'June',2,2024,1),
(20240616,'2024-06-16','Sunday',16,24,6,'June',2,2024,1),
(20240617,'2024-06-17','Monday',17,25,6,'June',2,2024,0),
(20240618,'2024-06-18','Tuesday',18,25,6,'June',2,2024,0),
(20240619,'2024-06-19','Wednesday',19,25,6,'June',2,2024,0),
(20240620,'2024-06-20','Thursday',20,25,6,'June',2,2024,0),
(20240621,'2024-06-21','Friday',21,25,6,'June',2,2024,0),
(20240622,'2024-06-22','Saturday',22,25,6,'June',2,2024,1),
(20240623,'2024-06-23','Sunday',23,25,6,'June',2,2024,1),
(20240624,'2024-06-24','Monday',24,26,6,'June',2,2024,0),
(20240625,'2024-06-25','Tuesday',25,26,6,'June',2,2024,0),
(20240626,'2024-06-26','Wednesday',26,26,6,'June',2,2024,0),
(20240627,'2024-06-27','Thursday',27,26,6,'June',2,2024,0),
(20240628,'2024-06-28','Friday',28,26,6,'June',2,2024,0),
(20240629,'2024-06-29','Saturday',29,26,6,'June',2,2024,1),
(20240630,'2024-06-30','Sunday',30,26,6,'June',2,2024,1),
(20240701,'2024-07-01','Monday',1,27,7,'July',3,2024,0),
(20240702,'2024-07-02','Tuesday',2,27,7,'July',3,2024,0),
(20240703,'2024-07-03','Wednesday',3,27,7,'July',3,2024,0),
(20240704,'2024-07-04','Thursday',4,27,7,'July',3,2024,0),
(20240705,'2024-07-05','Friday',5,27,7,'July',3,2024,0),
(20240706,'2024-07-06','Saturday',6,27,7,'July',3,2024,1),
(20240707,'2024-07-07','Sunday',7,27,7,'July',3,2024,1),
(20240708,'2024-07-08','Monday',8,28,7,'July',3,2024,0),
(20240709,'2024-07-09','Tuesday',9,28,7,'July',3,2024,0),
(20240710,'2024-07-10','Wednesday',10,28,7,'July',3,2024,0),
(20240711,'2024-07-11','Thursday',11,28,7,'July',3,2024,0),
(20240712,'2024-07-12','Friday',12,28,7,'July',3,2024,0),
(20240713,'2024-07-13','Saturday',13,28,7,'July',3,2024,1),
(20240714,'2024-07-14','Sunday',14,28,7,'July',3,2024,1),
(20240715,'2024-07-15','Monday',15,29,7,'July',3,2024,0),
(20240716,'2024-07-16','Tuesday',16,29,7,'July',3,2024,0),
(20240717,'2024-07-17','Wednesday',17,29,7,'July',3,2024,0),
(20240718,'2024-07-18','Thursday',18,29,7,'July',3,2024,0),
(20240719,'2024-07-19','Friday',19,29,7,'July',3,2024,0),
(20240720,'2024-07-20','Saturday',20,29,7,'July',3,2024,1),
(20240721,'2024-07-21','Sunday',21,29,7,'July',3,2024,1),
(20240722,'2024-07-22','Monday',22,30,7,'July',3,2024,0),
(20240723,'2024-07-23','Tuesday',23,30,7,'July',3,2024,0),
(20240724,'2024-07-24','Wednesday',24,30,7,'July',3,2024,0),
(20240725,'2024-07-25','Thursday',25,30,7,'July',3,2024,0),
(20240726,'2024-07-26','Friday',26,30,7,'July',3,2024,0),
(20240727,'2024-07-27','Saturday',27,30,7,'July',3,2024,1),
(20240728,'2024-07-28','Sunday',28,30,7,'July',3,2024,1),
(20240729,'2024-07-29','Monday',29,31,7,'July',3,2024,0),
(20240730,'2024-07-30','Tuesday',30,31,7,'July',3,2024,0),
(20240731,'2024-07-31','Wednesday',31,31,7,'July',3,2024,0),
(20240801,'2024-08-01','Thursday',1,31,8,'August',3,2024,0),
(20240802,'2024-08-02','Friday',2,31,8,'August',3,2024,0),
(20240803,'2024-08-03','Saturday',3,31,8,'August',3,2024,1),
(20240804,'2024-08-04','Sunday',4,31,8,'August',3,2024,1),
(20240805,'2024-08-05','Monday',5,32,8,'August',3,2024,0),
(20240806,'2024-08-06','Tuesday',6,32,8,'August',3,2024,0),
(20240807,'2024-08-07','Wednesday',7,32,8,'August',3,2024,0),
(20240808,'2024-08-08','Thursday',8,32,8,'August',3,2024,0),
(20240809,'2024-08-09','Friday',9,32,8,'August',3,2024,0),
(20240810,'2024-08-10','Saturday',10,32,8,'August',3,2024,1),
(20240811,'2024-08-11','Sunday',11,32,8,'August',3,2024,1),
(20240812,'2024-08-12','Monday',12,33,8,'August',3,2024,0),
(20240813,'2024-08-13','Tuesday',13,33,8,'August',3,2024,0),
(20240814,'2024-08-14','Wednesday',14,33,8,'August',3,2024,0),
(20240815,'2024-08-15','Thursday',15,33,8,'August',3,2024,0),
(20240816,'2024-08-16','Friday',16,33,8,'August',3,2024,0),
(20240817,'2024-08-17','Saturday',17,33,8,'August',3,2024,1),
(20240818,'2024-08-18','Sunday',18,33,8,'August',3,2024,1),
(20240819,'2024-08-19','Monday',19,34,8,'August',3,2024,0),
(20240820,'2024-08-20','Tuesday',20,34,8,'August',3,2024,0),
(20240821,'2024-08-21','Wednesday',21,34,8,'August',3,2024,0),
(20240822,'2024-08-22','Thursday',22,34,8,'August',3,2024,0),
(20240823,'2024-08-23','Friday',23,34,8,'August',3,2024,0),
(20240824,'2024-08-24','Saturday',24,34,8,'August',3,2024,1),
(20240825,'2024-08-25','Sunday',25,34,8,'August',3,2024,1),
(20240826,'2024-08-26','Monday',26,35,8,'August',3,2024,0),
(20240827,'2024-08-27','Tuesday',27,35,8,'August',3,2024,0),
(20240828,'2024-08-28','Wednesday',28,35,8,'August',3,2024,0),
(20240829,'2024-08-29','Thursday',29,35,8,'August',3,2024,0),
(20240830,'2024-08-30','Friday',30,35,8,'August',3,2024,0),
(20240831,'2024-08-31','Saturday',31,35,8,'August',3,2024,1),
(20240901,'2024-09-01','Sunday',1,35,9,'September',3,2024,1),
(20240902,'2024-09-02','Monday',2,36,9,'September',3,2024,0),
(20240903,'2024-09-03','Tuesday',3,36,9,'September',3,2024,0),
(20240904,'2024-09-04','Wednesday',4,36,9,'September',3,2024,0),
(20240905,'2024-09-05','Thursday',5,36,9,'September',3,2024,0),
(20240906,'2024-09-06','Friday',6,36,9,'September',3,2024,0),
(20240907,'2024-09-07','Saturday',7,36,9,'September',3,2024,1),
(20240908,'2024-09-08','Sunday',8,36,9,'September',3,2024,1),
(20240909,'2024-09-09','Monday',9,37,9,'September',3,2024,0),
(20240910,'2024-09-10','Tuesday',10,37,9,'September',3,2024,0),
(20240911,'2024-09-11','Wednesday',11,37,9,'September',3,2024,0),
(20240912,'2024-09-12','Thursday',12,37,9,'September',3,2024,0),
(20240913,'2024-09-13','Friday',13,37,9,'September',3,2024,0),
(20240914,'2024-09-14','Saturday',14,37,9,'September',3,2024,1),
(20240915,'2024-09-15','Sunday',15,37,9,'September',3,2024,1),
(20240916,'2024-09-16','Monday',16,38,9,'September',3,2024,0),
(20240917,'2024-09-17','Tuesday',17,38,9,'September',3,2024,0),
(20240918,'2024-09-18','Wednesday',18,38,9,'September',3,2024,0),
(20240919,'2024-09-19','Thursday',19,38,9,'September',3,2024,0),
(20240920,'2024-09-20','Friday',20,38,9,'September',3,2024,0),
(20240921,'2024-09-21','Saturday',21,38,9,'September',3,2024,1),
(20240922,'2024-09-22','Sunday',22,38,9,'September',3,2024,1),
(20240923,'2024-09-23','Monday',23,39,9,'September',3,2024,0),
(20240924,'2024-09-24','Tuesday',24,39,9,'September',3,2024,0),
(20240925,'2024-09-25','Wednesday',25,39,9,'September',3,2024,0),
(20240926,'2024-09-26','Thursday',26,39,9,'September',3,2024,0),
(20240927,'2024-09-27','Friday',27,39,9,'September',3,2024,0),
(20240928,'2024-09-28','Saturday',28,39,9,'September',3,2024,1),
(20240929,'2024-09-29','Sunday',29,39,9,'September',3,2024,1),
(20240930,'2024-09-30','Monday',30,40,9,'September',3,2024,0),
(20241001,'2024-10-01','Tuesday',1,40,10,'October',4,2024,0),
(20241002,'2024-10-02','Wednesday',2,40,10,'October',4,2024,0),
(20241003,'2024-10-03','Thursday',3,40,10,'October',4,2024,0),
(20241004,'2024-10-04','Friday',4,40,10,'October',4,2024,0),
(20241005,'2024-10-05','Saturday',5,40,10,'October',4,2024,1),
(20241006,'2024-10-06','Sunday',6,40,10,'October',4,2024,1),
(20241007,'2024-10-07','Monday',7,41,10,'October',4,2024,0),
(20241008,'2024-10-08','Tuesday',8,41,10,'October',4,2024,0),
(20241009,'2024-10-09','Wednesday',9,41,10,'October',4,2024,0),
(20241010,'2024-10-10','Thursday',10,41,10,'October',4,2024,0),
(20241011,'2024-10-11','Friday',11,41,10,'October',4,2024,0),
(20241012,'2024-10-12','Saturday',12,41,10,'October',4,2024,1),
(20241013,'2024-10-13','Sunday',13,41,10,'October',4,2024,1),
(20241014,'2024-10-14','Monday',14,42,10,'October',4,2024,0),
(20241015,'2024-10-15','Tuesday',15,42,10,'October',4,2024,0),
(20241016,'2024-10-16','Wednesday',16,42,10,'October',4,2024,0),
(20241017,'2024-10-17','Thursday',17,42,10,'October',4,2024,0),
(20241018,'2024-10-18','Friday',18,42,10,'October',4,2024,0),
(20241019,'2024-10-19','Saturday',19,42,10,'October',4,2024,1),
(20241020,'2024-10-20','Sunday',20,42,10,'October',4,2024,1),
(20241021,'2024-10-21','Monday',21,43,10,'October',4,2024,0),
(20241022,'2024-10-22','Tuesday',22,43,10,'October',4,2024,0),
(20241023,'2024-10-23','Wednesday',23,43,10,'October',4,2024,0),
(20241024,'2024-10-24','Thursday',24,43,10,'October',4,2024,0),
(20241025,'2024-10-25','Friday',25,43,10,'October',4,2024,0),
(20241026,'2024-10-26','Saturday',26,43,10,'October',4,2024,1),
(20241027,'2024-10-27','Sunday',27,43,10,'October',4,2024,1),
(20241028,'2024-10-28','Monday',28,44,10,'October',4,2024,0),
(20241029,'2024-10-29','Tuesday',29,44,10,'October',4,2024,0),
(20241030,'2024-10-30','Wednesday',30,44,10,'October',4,2024,0),
(20241031,'2024-10-31','Thursday',31,44,10,'October',4,2024,0),
(20241101,'2024-11-01','Friday',1,44,11,'November',4,2024,0),
(20241102,'2024-11-02','Saturday',2,44,11,'November',4,2024,1),
(20241103,'2024-11-03','Sunday',3,44,11,'November',4,2024,1),
(20241104,'2024-11-04','Monday',4,45,11,'November',4,2024,0),
(20241105,'2024-11-05','Tuesday',5,45,11,'November',4,2024,0),
(20241106,'2024-11-06','Wednesday',6,45,11,'November',4,2024,0),
(20241107,'2024-11-07','Thursday',7,45,11,'November',4,2024,0),
(20241108,'2024-11-08','Friday',8,45,11,'November',4,2024,0),
(20241109,'2024-11-09','Saturday',9,45,11,'November',4,2024,1),
(20241110,'2024-11-10','Sunday',10,45,11,'November',4,2024,1),
(20241111,'2024-11-11','Monday',11,46,11,'November',4,2024,0),
(20241112,'2024-11-12','Tuesday',12,46,11,'November',4,2024,0),
(20241113,'2024-11-13','Wednesday',13,46,11,'November',4,2024,0),
(20241114,'2024-11-14','Thursday',14,46,11,'November',4,2024,0),
(20241115,'2024-11-15','Friday',15,46,11,'November',4,2024,0),
(20241116,'2024-11-16','Saturday',16,46,11,'November',4,2024,1),
(20241117,'2024-11-17','Sunday',17,46,11,'November',4,2024,1),
(20241118,'2024-11-18','Monday',18,47,11,'November',4,2024,0),
(20241119,'2024-11-19','Tuesday',19,47,11,'November',4,2024,0),
(20241120,'2024-11-20','Wednesday',20,47,11,'November',4,2024,0),
(20241121,'2024-11-21','Thursday',21,47,11,'November',4,2024,0),
(20241122,'2024-11-22','Friday',22,47,11,'November',4,2024,0),
(20241123,'2024-11-23','Saturday',23,47,11,'November',4,2024,1),
(20241124,'2024-11-24','Sunday',24,47,11,'November',4,2024,1),
(20241125,'2024-11-25','Monday',25,48,11,'November',4,2024,0),
(20241126,'2024-11-26','Tuesday',26,48,11,'November',4,2024,0),
(20241127,'2024-11-27','Wednesday',27,48,11,'November',4,2024,0),
(20241128,'2024-11-28','Thursday',28,48,11,'November',4,2024,0),
(20241129,'2024-11-29','Friday',29,48,11,'November',4,2024,0),
(20241130,'2024-11-30','Saturday',30,48,11,'November',4,2024,1),
(20241201,'2024-12-01','Sunday',1,48,12,'December',4,2024,1),
(20241202,'2024-12-02','Monday',2,49,12,'December',4,2024,0),
(20241203,'2024-12-03','Tuesday',3,49,12,'December',4,2024,0),
(20241204,'2024-12-04','Wednesday',4,49,12,'December',4,2024,0),
(20241205,'2024-12-05','Thursday',5,49,12,'December',4,2024,0),
(20241206,'2024-12-06','Friday',6,49,12,'December',4,2024,0),
(20241207,'2024-12-07','Saturday',7,49,12,'December',4,2024,1),
(20241208,'2024-12-08','Sunday',8,49,12,'December',4,2024,1),
(20241209,'2024-12-09','Monday',9,50,12,'December',4,2024,0),
(20241210,'2024-12-10','Tuesday',10,50,12,'December',4,2024,0),
(20241211,'2024-12-11','Wednesday',11,50,12,'December',4,2024,0),
(20241212,'2024-12-12','Thursday',12,50,12,'December',4,2024,0),
(20241213,'2024-12-13','Friday',13,50,12,'December',4,2024,0),
(20241214,'2024-12-14','Saturday',14,50,12,'December',4,2024,1),
(20241215,'2024-12-15','Sunday',15,50,12,'December',4,2024,1),
(20241216,'2024-12-16','Monday',16,51,12,'December',4,2024,0),
(20241217,'2024-12-17','Tuesday',17,51,12,'December',4,2024,0),
(20241218,'2024-12-18','Wednesday',18,51,12,'December',4,2024,0),
(20241219,'2024-12-19','Thursday',19,51,12,'December',4,2024,0),
(20241220,'2024-12-20','Friday',20,51,12,'December',4,2024,0),
(20241221,'2024-12-21','Saturday',21,51,12,'December',4,2024,1),
(20241222,'2024-12-22','Sunday',22,51,12,'December',4,2024,1),
(20241223,'2024-12-23','Monday',23,52,12,'December',4,2024,0),
(20241224,'2024-12-24','Tuesday',24,52,12,'December',4,2024,0),
(20241225,'2024-12-25','Wednesday',25,52,12,'December',4,2024,0),
(20241226,'2024-12-26','Thursday',26,52,12,'December',4,2024,0),
(20241227,'2024-12-27','Friday',27,52,12,'December',4,2024,0),
(20241228,'2024-12-28','Saturday',28,52,12,'December',4,2024,1),
(20241229,'2024-12-29','Sunday',29,52,12,'December',4,2024,1),
(20241230,'2024-12-30','Monday',30,1,12,'December',4,2024,0);

DROP TABLE IF EXISTS dim_location;
CREATE TABLE dim_location (
  location_id   INT PRIMARY KEY AUTO_INCREMENT,
  city          VARCHAR(50),
  state         VARCHAR(50),
  country       VARCHAR(50),
  region        VARCHAR(20),
  pincode       VARCHAR(10)
);
INSERT INTO dim_location VALUES
(1,'Mumbai','Maharashtra','India','West','770487'),
(2,'Delhi','Delhi','India','North','216739'),
(3,'Bangalore','Karnataka','India','South','126225'),
(4,'Pune','Maharashtra','India','West','877572'),
(5,'Hyderabad','Telangana','India','South','388389'),
(6,'Chennai','Tamil Nadu','India','South','356787'),
(7,'Kolkata','West Bengal','India','East','334053'),
(8,'Ahmedabad','Gujarat','India','West','246316'),
(9,'Jaipur','Rajasthan','India','North','872246'),
(10,'Surat','Gujarat','India','West','207473'),
(11,'New York','New York','USA','East','10001'),
(12,'London','England','UK','West','EC1A1');

DROP TABLE IF EXISTS dim_customer;
CREATE TABLE dim_customer (
  customer_id   INT PRIMARY KEY AUTO_INCREMENT,
  first_name    VARCHAR(50),
  last_name     VARCHAR(50),
  email         VARCHAR(100),
  phone         VARCHAR(15),
  gender        VARCHAR(10),
  age           TINYINT,
  location_id   INT,
  join_date     DATE,
  customer_type VARCHAR(20),
  FOREIGN KEY (location_id) REFERENCES dim_location(location_id)
);
INSERT INTO dim_customer VALUES
(1,'Sarah','Brown','sarah.brown1@gmail.com','9685582861','Male',55,7,'2021-02-02','Regular'),
(2,'Amit','Mehta','amit.mehta2@gmail.com','9349817734','Male',53,4,'2023-01-04','VIP'),
(3,'Mike','Das','mike.das3@gmail.com','9550455977','Male',46,10,'2021-10-12','Regular'),
(4,'David','Garcia','david.garcia4@gmail.com','9271432881','Female',39,5,'2021-06-09','Regular'),
(5,'David','Nair','david.nair5@gmail.com','9209747451','Male',42,2,'2022-01-03','Premium'),
(6,'Meena','Kumar','meena.kumar6@gmail.com','9966647391','Male',47,9,'2021-05-08','Premium'),
(7,'Amit','Das','amit.das7@gmail.com','9414797776','Female',54,4,'2022-12-23','Regular'),
(8,'Priya','Johnson','priya.johnson8@gmail.com','9344703907','Female',23,4,'2021-04-14','Premium'),
(9,'Suresh','Mishra','suresh.mishra9@gmail.com','9782560971','Female',28,6,'2021-12-30','Regular'),
(10,'Sarah','Kumar','sarah.kumar10@gmail.com','9853573823','Male',28,9,'2023-01-17','Regular'),
(11,'Neha','Mishra','neha.mishra11@gmail.com','9507437181','Female',53,4,'2022-12-03','Premium'),
(12,'James','Jones','james.jones12@gmail.com','9933223566','Male',32,1,'2023-04-05','Premium'),
(13,'Kiran','Kumar','kiran.kumar13@gmail.com','9171069472','Male',54,6,'2021-08-06','VIP'),
(14,'Ritu','Pillai','ritu.pillai14@gmail.com','9790256940','Female',27,5,'2021-05-23','Regular'),
(15,'Emma','Das','emma.das15@gmail.com','9678722458','Female',55,7,'2022-08-21','Premium'),
(16,'Pooja','Shah','pooja.shah16@gmail.com','9248532577','Female',23,1,'2023-06-01','Regular'),
(17,'Vikas','Smith','vikas.smith17@gmail.com','9271779360','Female',22,7,'2022-01-26','VIP'),
(18,'Manoj','Bose','manoj.bose18@gmail.com','9369953851','Male',25,9,'2023-02-08','Premium'),
(19,'David','Smith','david.smith19@gmail.com','9465260635','Male',36,7,'2021-06-11','Premium'),
(20,'Rahul','Brown','rahul.brown20@gmail.com','9872751234','Female',50,3,'2022-06-04','Regular'),
(21,'Anna','Smith','anna.smith21@gmail.com','9420452650','Male',27,6,'2023-02-20','Regular'),
(22,'Swati','Jones','swati.jones22@gmail.com','9669462919','Male',38,8,'2021-01-20','Regular'),
(23,'Mary','Iyer','mary.iyer23@gmail.com','9992994062','Female',33,1,'2021-09-04','VIP'),
(24,'Amit','Verma','amit.verma24@gmail.com','9885879795','Female',22,9,'2023-02-24','Regular'),
(25,'Vikas','Johnson','vikas.johnson25@gmail.com','9610330567','Male',34,9,'2022-09-14','Premium'),
(26,'Rohit','Moore','rohit.moore26@gmail.com','9679064766','Male',37,7,'2022-11-19','VIP'),
(27,'Pooja','Mishra','pooja.mishra27@gmail.com','9655742829','Female',25,4,'2021-08-19','Regular'),
(28,'Arjun','Sharma','arjun.sharma28@gmail.com','9731691672','Male',55,4,'2021-01-08','Regular'),
(29,'Mike','Smith','mike.smith29@gmail.com','9163215224','Male',22,1,'2023-05-31','Premium'),
(30,'Amit','Bose','amit.bose30@gmail.com','9355555531','Female',49,4,'2022-07-07','Regular'),
(31,'Emma','Moore','emma.moore31@gmail.com','9713152854','Female',33,8,'2023-04-07','Premium'),
(32,'Rohit','Singh','rohit.singh32@gmail.com','9204078666','Female',40,7,'2022-02-25','Premium'),
(33,'Anna','Brown','anna.brown33@gmail.com','9158165865','Male',21,7,'2023-01-16','Premium'),
(34,'Lisa','Davis','lisa.davis34@gmail.com','9217326729','Male',30,4,'2022-07-04','Premium'),
(35,'Vikas','Rao','vikas.rao35@gmail.com','9297018781','Female',47,4,'2021-03-19','Premium'),
(36,'Lisa','Davis','lisa.davis36@gmail.com','9690907304','Male',21,9,'2023-05-07','Regular'),
(37,'Amit','Moore','amit.moore37@gmail.com','9909134796','Male',28,7,'2022-05-13','Premium'),
(38,'Rohit','Davis','rohit.davis38@gmail.com','9530613729','Male',28,7,'2021-01-03','Premium'),
(39,'Suresh','Moore','suresh.moore39@gmail.com','9941889393','Female',36,7,'2022-12-15','VIP'),
(40,'Lisa','Das','lisa.das40@gmail.com','9810678904','Female',27,4,'2021-10-31','Regular'),
(41,'Priya','Chopra','priya.chopra41@gmail.com','9889991777','Male',38,1,'2021-02-21','VIP'),
(42,'Ritu','Bose','ritu.bose42@gmail.com','9670292350','Male',21,9,'2021-03-24','Regular'),
(43,'Amit','Malhotra','amit.malhotra43@gmail.com','9172972420','Male',43,2,'2022-08-07','Regular'),
(44,'Raj','Malhotra','raj.malhotra44@gmail.com','9142672287','Male',44,10,'2022-08-02','VIP'),
(45,'Arjun','Moore','arjun.moore45@gmail.com','9379995032','Male',38,4,'2021-09-29','Premium'),
(46,'Vikas','Johnson','vikas.johnson46@gmail.com','9793101194','Female',47,6,'2023-02-09','Regular'),
(47,'Rahul','Mishra','rahul.mishra47@gmail.com','9766964667','Male',22,9,'2021-08-07','VIP'),
(48,'Suresh','Gupta','suresh.gupta48@gmail.com','9474745382','Male',33,6,'2021-10-19','Regular'),
(49,'Manoj','Miller','manoj.miller49@gmail.com','9683275843','Female',51,1,'2022-11-15','VIP'),
(50,'Kavita','Moore','kavita.moore50@gmail.com','9812308209','Male',26,5,'2021-04-29','Regular'),
(51,'Emma','Das','emma.das51@gmail.com','9266910922','Female',36,10,'2021-08-04','VIP'),
(52,'Arjun','Mehta','arjun.mehta52@gmail.com','9838194420','Female',50,8,'2021-09-15','Regular'),
(53,'Amit','Smith','amit.smith53@gmail.com','9554811020','Female',20,1,'2021-12-08','Regular'),
(54,'John','Kumar','john.kumar54@gmail.com','9273497327','Female',53,7,'2022-07-29','Regular'),
(55,'Sneha','Verma','sneha.verma55@gmail.com','9841976666','Male',52,1,'2023-05-05','Premium'),
(56,'Raj','Das','raj.das56@gmail.com','9259014493','Female',26,1,'2021-11-12','Premium'),
(57,'Robert','Moore','robert.moore57@gmail.com','9954829815','Male',40,4,'2022-11-30','Regular'),
(58,'Sarah','Singh','sarah.singh58@gmail.com','9479759538','Female',27,4,'2021-06-16','Regular'),
(59,'Robert','Rao','robert.rao59@gmail.com','9126614158','Male',39,7,'2023-04-02','VIP'),
(60,'Anna','Brown','anna.brown60@gmail.com','9970535450','Male',35,3,'2023-03-18','VIP'),
(61,'Sneha','Pillai','sneha.pillai61@gmail.com','9141580226','Female',32,4,'2023-04-17','Premium'),
(62,'Pooja','Reddy','pooja.reddy62@gmail.com','9981044229','Male',32,1,'2022-11-07','Regular'),
(63,'Kiran','Nair','kiran.nair63@gmail.com','9399147754','Male',35,6,'2022-10-19','VIP'),
(64,'Kiran','Johnson','kiran.johnson64@gmail.com','9675757257','Female',19,2,'2021-09-25','Regular'),
(65,'Raj','Kumar','raj.kumar65@gmail.com','9141078352','Male',45,6,'2023-01-17','Premium'),
(66,'Divya','Malhotra','divya.malhotra66@gmail.com','9649136331','Male',42,10,'2021-07-14','Premium'),
(67,'Priya','Williams','priya.williams67@gmail.com','9568213197','Male',51,9,'2022-12-05','VIP'),
(68,'Emma','Brown','emma.brown68@gmail.com','9820081872','Male',41,7,'2021-03-13','VIP'),
(69,'Mary','Nair','mary.nair69@gmail.com','9769108025','Female',25,5,'2022-06-04','Premium'),
(70,'Sarah','Rao','sarah.rao70@gmail.com','9450236225','Female',36,9,'2021-05-11','Regular'),
(71,'Divya','Johnson','divya.johnson71@gmail.com','9507104143','Male',54,5,'2022-02-20','VIP'),
(72,'James','Sharma','james.sharma72@gmail.com','9426283245','Female',31,7,'2023-03-16','VIP'),
(73,'Meena','Smith','meena.smith73@gmail.com','9446012478','Female',46,8,'2022-11-23','Regular'),
(74,'Sanjay','Agarwal','sanjay.agarwal74@gmail.com','9952266893','Male',23,5,'2022-06-12','VIP'),
(75,'John','Malhotra','john.malhotra75@gmail.com','9459905654','Male',33,5,'2021-08-19','Regular'),
(76,'Vikas','Sharma','vikas.sharma76@gmail.com','9149621604','Male',48,10,'2023-05-21','Regular'),
(77,'Manoj','Rao','manoj.rao77@gmail.com','9776205431','Male',42,8,'2022-02-14','Regular'),
(78,'Vikas','Smith','vikas.smith78@gmail.com','9838328947','Male',24,7,'2021-08-13','Regular'),
(79,'Lisa','Williams','lisa.williams79@gmail.com','9656152900','Female',21,9,'2021-09-13','Regular'),
(80,'Manoj','Gupta','manoj.gupta80@gmail.com','9960514523','Female',51,9,'2022-09-02','Premium'),
(81,'David','Wilson','david.wilson81@gmail.com','9575209597','Female',53,8,'2021-06-12','VIP'),
(82,'Anna','Agarwal','anna.agarwal82@gmail.com','9583258726','Female',33,5,'2023-02-24','VIP'),
(83,'Ritu','Smith','ritu.smith83@gmail.com','9356888294','Female',46,2,'2023-01-01','Premium'),
(84,'Anjali','Kumar','anjali.kumar84@gmail.com','9460613550','Female',52,2,'2021-05-22','Regular'),
(85,'Anjali','Pillai','anjali.pillai85@gmail.com','9845122940','Male',31,2,'2022-03-01','Premium'),
(86,'Arjun','Das','arjun.das86@gmail.com','9600282414','Female',21,4,'2023-05-03','Premium'),
(87,'Kiran','Wilson','kiran.wilson87@gmail.com','9926561919','Male',54,7,'2022-05-04','Regular'),
(88,'Pooja','Reddy','pooja.reddy88@gmail.com','9909037759','Female',44,9,'2023-02-05','VIP'),
(89,'Swati','Garcia','swati.garcia89@gmail.com','9747737533','Male',49,4,'2021-10-07','Premium'),
(90,'Ritu','Sharma','ritu.sharma90@gmail.com','9517532243','Female',43,3,'2023-05-11','Premium'),
(91,'Mary','Gupta','mary.gupta91@gmail.com','9768143326','Male',43,10,'2022-08-01','VIP'),
(92,'Rahul','Verma','rahul.verma92@gmail.com','9790147183','Female',26,8,'2021-07-06','Regular'),
(93,'Suresh','Pillai','suresh.pillai93@gmail.com','9451492250','Male',47,6,'2021-12-12','Premium'),
(94,'Suresh','Jones','suresh.jones94@gmail.com','9993271900','Female',34,2,'2022-04-27','Regular'),
(95,'Emma','Das','emma.das95@gmail.com','9155926488','Female',32,2,'2023-03-11','VIP'),
(96,'Priya','Jones','priya.jones96@gmail.com','9133318206','Male',30,1,'2022-09-29','Regular'),
(97,'Anjali','Gupta','anjali.gupta97@gmail.com','9608482316','Male',54,4,'2022-04-22','VIP'),
(98,'Suresh','Jones','suresh.jones98@gmail.com','9496098177','Male',25,3,'2021-11-15','Regular'),
(99,'Raj','Sharma','raj.sharma99@gmail.com','9434961542','Female',43,4,'2021-03-19','VIP'),
(100,'Mike','Miller','mike.miller100@gmail.com','9773496394','Male',24,5,'2023-05-21','VIP'),
(101,'Meena','Garcia','meena.garcia101@gmail.com','9229981882','Male',40,9,'2022-03-15','VIP'),
(102,'Pooja','Verma','pooja.verma102@gmail.com','9643271261','Female',18,7,'2023-04-23','Premium'),
(103,'Sneha','Rao','sneha.rao103@gmail.com','9488896443','Female',27,7,'2021-06-30','VIP'),
(104,'Sanjay','Smith','sanjay.smith104@gmail.com','9389998761','Female',47,7,'2023-04-26','VIP'),
(105,'Raj','Kumar','raj.kumar105@gmail.com','9446071904','Male',23,5,'2022-04-07','Regular'),
(106,'David','Mishra','david.mishra106@gmail.com','9711871397','Female',39,1,'2022-05-22','Premium'),
(107,'Neha','Agarwal','neha.agarwal107@gmail.com','9327761953','Female',34,6,'2021-10-14','VIP'),
(108,'Mike','Wilson','mike.wilson108@gmail.com','9396641124','Male',51,4,'2021-03-29','Regular'),
(109,'Emma','Rao','emma.rao109@gmail.com','9624606470','Male',48,8,'2022-04-04','Regular'),
(110,'Amit','Reddy','amit.reddy110@gmail.com','9337937327','Female',33,5,'2022-11-11','VIP'),
(111,'Pooja','Agarwal','pooja.agarwal111@gmail.com','9694287057','Female',45,9,'2021-12-05','Premium'),
(112,'Mike','Mishra','mike.mishra112@gmail.com','9390894296','Female',34,4,'2021-05-04','VIP'),
(113,'Rohit','Nair','rohit.nair113@gmail.com','9228370927','Male',30,4,'2023-01-27','Premium'),
(114,'Suresh','Brown','suresh.brown114@gmail.com','9733064117','Female',24,4,'2021-10-31','Regular'),
(115,'Pooja','Joshi','pooja.joshi115@gmail.com','9424557359','Male',52,3,'2021-10-08','Regular'),
(116,'Priya','Das','priya.das116@gmail.com','9413679331','Male',49,2,'2021-01-13','VIP'),
(117,'Kavita','Agarwal','kavita.agarwal117@gmail.com','9614015466','Female',39,3,'2021-02-22','Premium'),
(118,'Anna','Agarwal','anna.agarwal118@gmail.com','9222500131','Male',43,8,'2021-03-17','VIP'),
(119,'John','Johnson','john.johnson119@gmail.com','9157562304','Male',27,10,'2021-11-08','Regular'),
(120,'Anjali','Singh','anjali.singh120@gmail.com','9699226355','Female',32,9,'2022-01-25','Premium'),
(121,'Mary','Mishra','mary.mishra121@gmail.com','9419280490','Female',37,10,'2022-09-28','Regular'),
(122,'Meena','Brown','meena.brown122@gmail.com','9206551233','Male',31,5,'2022-11-08','Regular'),
(123,'Neha','Shah','neha.shah123@gmail.com','9286630878','Male',28,1,'2022-02-23','Premium'),
(124,'Mike','Malhotra','mike.malhotra124@gmail.com','9604564682','Female',20,4,'2021-10-23','VIP'),
(125,'Kavita','Williams','kavita.williams125@gmail.com','9587512424','Male',32,5,'2023-03-18','VIP'),
(126,'Raj','Johnson','raj.johnson126@gmail.com','9963187150','Male',45,2,'2022-07-12','Regular'),
(127,'John','Gupta','john.gupta127@gmail.com','9385220694','Male',22,1,'2021-06-19','Premium'),
(128,'Meena','Brown','meena.brown128@gmail.com','9985021282','Female',46,2,'2022-04-25','VIP'),
(129,'Kavita','Williams','kavita.williams129@gmail.com','9532190231','Female',50,9,'2022-05-21','Premium'),
(130,'Amit','Malhotra','amit.malhotra130@gmail.com','9142800191','Female',38,10,'2021-09-14','Regular'),
(131,'Amit','Shah','amit.shah131@gmail.com','9824022357','Male',35,10,'2021-02-11','Regular'),
(132,'Ritu','Bose','ritu.bose132@gmail.com','9799552991','Female',35,3,'2022-08-23','Premium'),
(133,'John','Miller','john.miller133@gmail.com','9627986559','Male',48,6,'2022-02-23','Premium'),
(134,'Arjun','Johnson','arjun.johnson134@gmail.com','9212313264','Male',39,7,'2022-12-12','Premium'),
(135,'Kavita','Johnson','kavita.johnson135@gmail.com','9529982328','Male',47,2,'2021-11-19','Premium'),
(136,'Arjun','Singh','arjun.singh136@gmail.com','9929517022','Female',50,1,'2022-11-05','VIP'),
(137,'Manoj','Rao','manoj.rao137@gmail.com','9158201193','Male',51,6,'2022-09-30','Premium'),
(138,'John','Mishra','john.mishra138@gmail.com','9916033628','Male',31,5,'2022-07-17','Regular'),
(139,'Mary','Reddy','mary.reddy139@gmail.com','9570423569','Female',25,1,'2022-10-08','VIP'),
(140,'Lisa','Shah','lisa.shah140@gmail.com','9862123506','Male',37,9,'2021-01-15','VIP'),
(141,'Divya','Verma','divya.verma141@gmail.com','9341270488','Male',47,2,'2022-10-26','Regular'),
(142,'Ritu','Moore','ritu.moore142@gmail.com','9869446962','Female',50,5,'2022-03-02','Premium'),
(143,'Ritu','Shah','ritu.shah143@gmail.com','9590470737','Male',42,4,'2022-09-06','VIP'),
(144,'Emma','Wilson','emma.wilson144@gmail.com','9246574716','Male',35,7,'2021-12-15','VIP'),
(145,'Suresh','Miller','suresh.miller145@gmail.com','9102754426','Female',37,10,'2022-08-17','VIP'),
(146,'Ritu','Davis','ritu.davis146@gmail.com','9259553112','Female',52,8,'2021-12-20','Premium'),
(147,'Swati','Jones','swati.jones147@gmail.com','9683503591','Female',47,6,'2021-07-13','VIP'),
(148,'Anjali','Chopra','anjali.chopra148@gmail.com','9511211819','Male',44,1,'2021-11-22','VIP'),
(149,'Ritu','Williams','ritu.williams149@gmail.com','9971243675','Female',42,3,'2022-05-23','Regular'),
(150,'Vikas','Bose','vikas.bose150@gmail.com','9733701411','Female',24,8,'2021-04-13','VIP');

DROP TABLE IF EXISTS dim_product;
CREATE TABLE dim_product (
  product_id    INT PRIMARY KEY AUTO_INCREMENT,
  product_name  VARCHAR(100),
  category      VARCHAR(50),
  brand         VARCHAR(50),
  unit_price    DECIMAL(10,2),
  cost_price    DECIMAL(10,2),
  stock_qty     INT,
  reorder_level INT,
  supplier_id   INT
);
INSERT INTO dim_product VALUES
(1,'Laptop','Electronics','Adidas',45531.04,22940.22,36,23,2),
(2,'Smartphone','Electronics','Haldirams',23527.58,17464.54,86,29,2),
(3,'Tablet','Electronics','Prestige',42603.09,30379.64,136,22,8),
(4,'Headphones','Electronics','Philips',43631.91,22207.54,17,17,4),
(5,'Smartwatch','Electronics','Puma',37363.64,22735.51,25,30,8),
(6,'Camera','Electronics','Prestige',8401.6,4829.8,7,11,1),
(7,'T-Shirt','Clothing','Bata',14739.05,8750.73,37,17,7),
(8,'Jeans','Clothing','Nike',28339.81,19784.87,43,15,10),
(9,'Dress','Clothing','Adidas',43554.9,28525.31,61,25,4),
(10,'Jacket','Clothing','Tata',23111.38,13023.13,65,10,5),
(11,'Shoes','Clothing','Philips',33912.78,18295.74,113,21,7),
(12,'Kurta','Clothing','Haldirams',34546.64,21218.86,77,16,8),
(13,'Fiction Novel','Books','Philips',5422.0,3227.94,91,28,5),
(14,'Data Science Book','Books','Samsung',1194.79,845.33,101,18,10),
(15,'Python Guide','Books','Reliance',43266.86,30052.2,12,29,5),
(16,'Business Book','Books','LG',38809.47,21637.43,90,17,10),
(17,'Self Help','Books','Puma',12606.28,8684.39,196,14,1),
(18,'Biography','Books','Adidas',15515.75,9467.8,148,21,2),
(19,'Mixer Grinder','Home & Kitchen','LG',45490.43,26460.86,106,15,3),
(20,'Pressure Cooker','Home & Kitchen','Bata',39346.99,28295.02,93,26,5),
(21,'Bed Sheet','Home & Kitchen','Prestige',41540.58,23438.96,123,19,2),
(22,'Pillow','Home & Kitchen','Haldirams',23469.74,12176.68,193,17,9),
(23,'Curtains','Home & Kitchen','Woodland',18352.17,12803.77,3,18,2),
(24,'Lamp','Home & Kitchen','Haldirams',22793.82,15230.99,172,18,6),
(25,'Cricket Bat','Sports','Woodland',5506.47,3075.12,6,29,6),
(26,'Football','Sports','Tata',45771.27,25418.7,16,30,5),
(27,'Yoga Mat','Sports','Philips',32497.05,17196.43,11,11,8),
(28,'Dumbbells','Sports','Haldirams',5894.41,3293.21,137,14,8),
(29,'Running Shoes','Sports','Amul',18613.47,13724.55,178,27,10),
(30,'Badminton Racket','Sports','Puma',37139.22,20004.33,106,30,8),
(31,'Face Cream','Beauty','Crompton',30821.05,22646.18,71,11,4),
(32,'Shampoo','Beauty','Crompton',22224.82,16393.89,92,13,9),
(33,'Lipstick','Beauty','Dell',45094.64,29816.88,15,22,4),
(34,'Perfume','Beauty','LG',48413.52,35693.0,116,12,10),
(35,'Sunscreen','Beauty','Adidas',48557.56,24892.77,85,17,10),
(36,'Hair Oil','Beauty','LG',10339.76,7314.91,141,16,4),
(37,'Lego Set','Toys','Dell',16495.12,8856.04,152,10,3),
(38,'Action Figure','Toys','Samsung',49377.61,31357.44,44,13,3),
(39,'Board Game','Toys','Prestige',841.53,586.96,60,28,1),
(40,'Puzzle','Toys','Bata',8794.89,4512.66,189,23,2),
(41,'Remote Car','Toys','Bata',37308.7,23096.38,199,21,10),
(42,'Doll','Toys','Bata',5541.8,3468.94,157,11,5),
(43,'Rice 5kg','Grocery','Haldirams',22956.32,17010.78,15,25,7),
(44,'Dal 1kg','Grocery','Nike',34336.27,21376.64,113,12,6),
(45,'Oil 1L','Grocery','Woodland',30454.04,15727.09,70,29,6),
(46,'Sugar 1kg','Grocery','Bata',19107.13,12407.18,75,24,10),
(47,'Tea 250g','Grocery','Woodland',21566.95,15059.64,29,30,4),
(48,'Coffee 200g','Grocery','Tata',21560.49,15567.16,105,20,7),
(49,'Office Chair','Furniture','Dell',20857.88,10924.76,109,20,6),
(50,'Study Table','Furniture','Nike',47684.27,32029.77,121,12,2),
(51,'Bookshelf','Furniture','Adidas',4752.18,2490.81,189,21,9),
(52,'Sofa','Furniture','Puma',3093.05,2286.25,143,20,7),
(53,'Wardrobe','Furniture','Apple',17744.54,11823.81,192,23,5),
(54,'Dining Table','Furniture','LG',30060.46,17672.89,147,26,3),
(55,'Car Cover','Automotive','Woodland',32871.14,18278.37,27,21,6),
(56,'Seat Cover','Automotive','Woodland',5832.78,3322.6,57,23,10),
(57,'Dash Cam','Automotive','Dell',30717.31,20294.15,6,29,1),
(58,'Car Polish','Automotive','Crompton',9102.76,6150.5,79,20,1),
(59,'Tyre Inflator','Automotive','Nike',9152.14,4903.83,168,22,3),
(60,'Jump Starter','Automotive','LG',37074.36,27544.49,23,26,7);

DROP TABLE IF EXISTS dim_employee;
CREATE TABLE dim_employee (
  emp_id        INT PRIMARY KEY AUTO_INCREMENT,
  first_name    VARCHAR(50),
  last_name     VARCHAR(50),
  email         VARCHAR(100),
  department    VARCHAR(50),
  job_title     VARCHAR(50),
  salary        DECIMAL(10,2),
  hire_date     DATE,
  manager_id    INT,
  location_id   INT,
  status        VARCHAR(10),
  FOREIGN KEY (location_id) REFERENCES dim_location(location_id)
);
INSERT INTO dim_employee VALUES
(1,'Divya','Mishra','divya.mishra1@company.com','Operations','Process Analyst',71256.64,'2022-01-17',NULL,6,'active'),
(2,'Robert','Patel','robert.patel2@company.com','Sales','Account Manager',119304.48,'2018-04-12',NULL,2,'active'),
(3,'Manoj','Johnson','manoj.johnson3@company.com','Product','BA',100884.5,'2020-04-28',NULL,5,'active'),
(4,'David','Bose','david.bose4@company.com','Marketing','Content Writer',78739.2,'2019-08-04',NULL,10,'inactive'),
(5,'Sanjay','Johnson','sanjay.johnson5@company.com','Finance','Financial Analyst',52564.8,'2021-05-12',NULL,1,'active'),
(6,'Rohit','Reddy','rohit.reddy6@company.com','HR','Recruiter',120520.11,'2019-08-16',NULL,6,'active'),
(7,'Rahul','Agarwal','rahul.agarwal7@company.com','Product','Product Analyst',41148.21,'2020-12-26',NULL,4,'active'),
(8,'Amit','Pillai','amit.pillai8@company.com','Engineering','QA Engineer',27342.69,'2018-06-09',NULL,6,'inactive'),
(9,'Raj','Pillai','raj.pillai9@company.com','Product','Scrum Master',39396.67,'2018-02-12',NULL,6,'active'),
(10,'Lisa','Malhotra','lisa.malhotra10@company.com','Design','Graphic Designer',36016.24,'2022-09-26',NULL,2,'active'),
(11,'Divya','Chopra','divya.chopra11@company.com','Product','Product Manager',74470.84,'2019-09-28',6,4,'active'),
(12,'David','Joshi','david.joshi12@company.com','Marketing','Marketing Manager',91325.6,'2019-02-02',6,6,'active'),
(13,'Anjali','Singh','anjali.singh13@company.com','Sales','Business Dev',49658.98,'2021-05-18',3,2,'active'),
(14,'David','Smith','david.smith14@company.com','Design','Creative Director',119305.73,'2022-04-06',10,8,'active'),
(15,'Anna','Smith','anna.smith15@company.com','Operations','Process Analyst',79970.35,'2020-08-18',8,5,'active'),
(16,'Raj','Patel','raj.patel16@company.com','Operations','Operations Manager',63800.98,'2020-07-14',1,1,'active'),
(17,'James','Reddy','james.reddy17@company.com','Marketing','Marketing Manager',101876.05,'2020-11-04',7,8,'active'),
(18,'Manoj','Moore','manoj.moore18@company.com','HR','HR Executive',100625.73,'2020-10-23',3,1,'inactive'),
(19,'Sneha','Garcia','sneha.garcia19@company.com','Operations','Operations Manager',88068.63,'2018-12-20',1,4,'inactive'),
(20,'Manoj','Bose','manoj.bose20@company.com','Sales','Business Dev',71606.5,'2019-08-03',7,7,'active'),
(21,'Sarah','Malhotra','sarah.malhotra21@company.com','Engineering','Tech Lead',33238.98,'2018-07-13',9,7,'active'),
(22,'Suresh','Brown','suresh.brown22@company.com','Sales','Business Dev',35187.75,'2021-09-21',3,6,'active'),
(23,'John','Williams','john.williams23@company.com','Product','Product Analyst',99380.15,'2018-06-23',5,9,'inactive'),
(24,'John','Garcia','john.garcia24@company.com','Operations','Process Analyst',108764.55,'2022-08-25',9,2,'inactive'),
(25,'Sanjay','Iyer','sanjay.iyer25@company.com','Engineering','Tech Lead',63608.26,'2019-03-15',6,8,'active'),
(26,'Anjali','Gupta','anjali.gupta26@company.com','Sales','Sales Executive',61974.01,'2022-06-03',2,9,'active'),
(27,'Sarah','Nair','sarah.nair27@company.com','Sales','Sales Manager',44281.6,'2019-01-06',10,3,'inactive'),
(28,'Priya','Rao','priya.rao28@company.com','Operations','Process Analyst',146198.58,'2021-06-04',5,8,'active'),
(29,'Swati','Shah','swati.shah29@company.com','Finance','Auditor',137996.79,'2019-02-02',6,10,'inactive'),
(30,'Manoj','Jones','manoj.jones30@company.com','Finance','Auditor',87863.34,'2020-05-07',3,4,'active'),
(31,'Anna','Kumar','anna.kumar31@company.com','Engineering','QA Engineer',134264.62,'2021-02-09',2,9,'active'),
(32,'Kavita','Verma','kavita.verma32@company.com','Sales','Business Dev',81164.9,'2020-11-17',3,7,'active'),
(33,'Mary','Shah','mary.shah33@company.com','Design','Graphic Designer',141308.99,'2020-04-29',1,7,'active'),
(34,'Anjali','Pillai','anjali.pillai34@company.com','Marketing','Content Writer',53067.34,'2019-10-15',2,6,'active'),
(35,'Vikas','Patel','vikas.patel35@company.com','Finance','Auditor',112009.0,'2018-10-12',8,8,'active'),
(36,'Robert','Verma','robert.verma36@company.com','Engineering','Tech Lead',51956.84,'2018-11-03',9,10,'inactive'),
(37,'Sneha','Jones','sneha.jones37@company.com','Finance','Accountant',62643.9,'2018-04-08',4,7,'inactive'),
(38,'Amit','Singh','amit.singh38@company.com','Design','UI Designer',103994.37,'2021-03-23',4,3,'active'),
(39,'Divya','Sharma','divya.sharma39@company.com','Operations','Process Analyst',96332.96,'2019-01-19',2,9,'active'),
(40,'Amit','Bose','amit.bose40@company.com','Engineering','QA Engineer',134166.43,'2018-03-31',7,6,'active'),
(41,'Emma','Sharma','emma.sharma41@company.com','Operations','Operations Manager',68100.31,'2022-02-10',2,10,'active'),
(42,'Vikas','Patel','vikas.patel42@company.com','Operations','Supply Chain',126688.61,'2018-12-25',8,8,'active'),
(43,'Lisa','Gupta','lisa.gupta43@company.com','Marketing','Brand Manager',29622.97,'2019-02-17',1,4,'active'),
(44,'Arjun','Moore','arjun.moore44@company.com','Finance','Auditor',148640.34,'2021-01-17',8,5,'active'),
(45,'David','Smith','david.smith45@company.com','HR','HR Executive',69621.77,'2022-05-19',1,6,'active'),
(46,'Sneha','Garcia','sneha.garcia46@company.com','Operations','Logistics',136185.81,'2022-03-03',8,7,'active'),
(47,'Neha','Agarwal','neha.agarwal47@company.com','Design','Graphic Designer',140538.81,'2020-11-29',5,2,'inactive'),
(48,'Amit','Rao','amit.rao48@company.com','Sales','Business Dev',65151.43,'2018-06-13',6,5,'active'),
(49,'Manoj','Malhotra','manoj.malhotra49@company.com','Product','Product Analyst',111220.6,'2019-12-21',8,1,'active'),
(50,'Meena','Rao','meena.rao50@company.com','Finance','Financial Analyst',34380.15,'2021-07-29',7,6,'active'),
(51,'Rahul','Gupta','rahul.gupta51@company.com','Design','UI Designer',40778.75,'2019-04-29',6,6,'inactive'),
(52,'Raj','Patel','raj.patel52@company.com','Sales','Sales Manager',143602.94,'2020-02-01',8,2,'active'),
(53,'Sanjay','Iyer','sanjay.iyer53@company.com','Product','Scrum Master',106195.09,'2019-05-27',2,1,'active'),
(54,'Ritu','Bose','ritu.bose54@company.com','Product','Product Manager',57722.08,'2019-06-18',8,4,'active'),
(55,'Mike','Moore','mike.moore55@company.com','Design','UX Designer',40329.68,'2022-10-13',2,8,'active'),
(56,'Robert','Williams','robert.williams56@company.com','Design','UI Designer',126314.15,'2022-09-28',6,6,'active'),
(57,'Swati','Das','swati.das57@company.com','Finance','Finance Manager',131420.26,'2021-12-28',3,6,'active'),
(58,'Sneha','Mehta','sneha.mehta58@company.com','Sales','Account Manager',123796.63,'2018-02-23',6,9,'active'),
(59,'Manoj','Garcia','manoj.garcia59@company.com','Sales','Sales Executive',33218.51,'2020-03-26',8,9,'inactive'),
(60,'David','Rao','david.rao60@company.com','Marketing','SEO Specialist',146547.47,'2021-08-08',2,8,'inactive'),
(61,'Sarah','Bose','sarah.bose61@company.com','Operations','Process Analyst',134745.02,'2022-05-17',9,10,'active'),
(62,'David','Gupta','david.gupta62@company.com','Product','Product Manager',128923.85,'2020-11-27',3,5,'active'),
(63,'Neha','Nair','neha.nair63@company.com','HR','HR Executive',143435.39,'2020-11-28',5,2,'active'),
(64,'Rohit','Smith','rohit.smith64@company.com','Finance','Accountant',103127.8,'2021-06-12',9,2,'active'),
(65,'Raj','Chopra','raj.chopra65@company.com','Sales','Account Manager',107341.61,'2022-01-15',10,6,'active'),
(66,'James','Davis','james.davis66@company.com','Engineering','Software Engineer',30682.73,'2021-08-06',10,5,'active'),
(67,'David','Chopra','david.chopra67@company.com','Product','Product Manager',87254.76,'2021-07-08',9,5,'active'),
(68,'Ritu','Shah','ritu.shah68@company.com','Product','Scrum Master',81693.02,'2021-11-11',1,3,'inactive'),
(69,'Divya','Agarwal','divya.agarwal69@company.com','Design','UX Designer',67524.07,'2018-10-22',6,6,'active'),
(70,'Kiran','Gupta','kiran.gupta70@company.com','Operations','Operations Manager',64889.49,'2020-08-13',2,5,'inactive'),
(71,'Anjali','Gupta','anjali.gupta71@company.com','Marketing','Marketing Manager',61276.5,'2020-02-26',10,7,'active'),
(72,'Anna','Wilson','anna.wilson72@company.com','Sales','Business Dev',141718.94,'2022-01-16',6,4,'active'),
(73,'Ritu','Bose','ritu.bose73@company.com','Design','Creative Director',134884.46,'2020-10-15',1,2,'inactive'),
(74,'Sanjay','Mishra','sanjay.mishra74@company.com','HR','Recruiter',97918.01,'2018-04-10',1,5,'inactive'),
(75,'Meena','Wilson','meena.wilson75@company.com','Design','Graphic Designer',92086.34,'2022-10-02',2,7,'active'),
(76,'Robert','Kumar','robert.kumar76@company.com','Operations','Logistics',70742.17,'2020-03-31',1,10,'active'),
(77,'Pooja','Das','pooja.das77@company.com','Finance','Financial Analyst',73293.6,'2020-07-11',9,5,'active'),
(78,'Vikas','Singh','vikas.singh78@company.com','Product','Scrum Master',124362.15,'2019-11-26',9,6,'active'),
(79,'Rohit','Malhotra','rohit.malhotra79@company.com','Product','Product Manager',30662.92,'2018-10-08',6,8,'inactive'),
(80,'Vikas','Malhotra','vikas.malhotra80@company.com','Sales','Business Dev',141421.09,'2019-10-15',3,7,'active'),
(81,'Raj','Nair','raj.nair81@company.com','Design','Graphic Designer',84361.57,'2018-02-04',6,6,'active'),
(82,'Divya','Chopra','divya.chopra82@company.com','Finance','Financial Analyst',99613.7,'2019-06-28',10,10,'active'),
(83,'Emma','Patel','emma.patel83@company.com','Design','UX Designer',90529.04,'2022-01-16',10,7,'active'),
(84,'James','Johnson','james.johnson84@company.com','HR','HR Manager',96571.28,'2021-12-05',2,4,'active'),
(85,'Manoj','Nair','manoj.nair85@company.com','Product','Product Analyst',76620.01,'2019-02-22',7,9,'inactive'),
(86,'Anna','Davis','anna.davis86@company.com','Engineering','Senior Engineer',89835.4,'2021-02-22',6,8,'inactive'),
(87,'Arjun','Joshi','arjun.joshi87@company.com','Design','Graphic Designer',93284.15,'2021-10-16',5,10,'inactive'),
(88,'Rohit','Shah','rohit.shah88@company.com','Finance','Finance Manager',53108.38,'2019-09-02',5,4,'inactive'),
(89,'Arjun','Agarwal','arjun.agarwal89@company.com','Operations','Supply Chain',60973.67,'2021-03-20',9,7,'inactive'),
(90,'James','Iyer','james.iyer90@company.com','Sales','Business Dev',30258.31,'2022-01-02',2,6,'inactive'),
(91,'John','Kumar','john.kumar91@company.com','Design','UX Designer',50258.5,'2021-01-08',5,9,'active'),
(92,'Vikas','Singh','vikas.singh92@company.com','HR','Recruiter',31345.68,'2020-12-23',4,4,'active'),
(93,'Sneha','Rao','sneha.rao93@company.com','Operations','Logistics',37568.11,'2022-04-28',3,1,'active'),
(94,'Divya','Smith','divya.smith94@company.com','Design','Creative Director',106317.34,'2022-03-29',5,6,'active'),
(95,'John','Patel','john.patel95@company.com','Marketing','SEO Specialist',91894.03,'2022-01-20',1,3,'inactive'),
(96,'Robert','Miller','robert.miller96@company.com','Sales','Sales Executive',149646.48,'2020-03-24',8,3,'active'),
(97,'Robert','Patel','robert.patel97@company.com','Engineering','Tech Lead',95995.23,'2018-08-08',6,5,'inactive'),
(98,'John','Das','john.das98@company.com','Design','UX Designer',131382.47,'2020-08-16',5,4,'active'),
(99,'Arjun','Joshi','arjun.joshi99@company.com','Design','Graphic Designer',114824.77,'2018-01-29',6,5,'active'),
(100,'Neha','Malhotra','neha.malhotra100@company.com','Product','BA',89410.08,'2018-06-27',7,2,'active');

DROP TABLE IF EXISTS dim_restaurant;
CREATE TABLE dim_restaurant (
  restaurant_id   INT PRIMARY KEY AUTO_INCREMENT,
  restaurant_name VARCHAR(100),
  cuisine_type    VARCHAR(50),
  location_id     INT,
  rating          DECIMAL(2,1),
  is_active       TINYINT,
  FOREIGN KEY (location_id) REFERENCES dim_location(location_id)
);
INSERT INTO dim_restaurant VALUES
(1,'Dominos','Indian',8,3.6,1),
(2,'McDonalds','Chinese',1,3.5,1),
(3,'KFC','Chinese',8,4.5,1),
(4,'Pizza Hut','Japanese',5,4.2,1),
(5,'Burger King','Italian',5,4.3,1),
(6,'Subway','Chinese',1,4.3,1),
(7,'Biryani House','Continental',5,3.3,1),
(8,'South Indian Cafe','Mexican',2,4.3,1),
(9,'Chinese Wok','Mexican',6,4.2,1),
(10,'Punjabi Dhaba','Chinese',3,4.0,1),
(11,'Sushi Bar','Continental',10,3.7,1),
(12,'Pasta Palace','Continental',9,4.6,1);

-- ============================================================
-- FACT TABLES
-- ============================================================

DROP TABLE IF EXISTS fact_orders;
CREATE TABLE fact_orders (
  order_id      INT PRIMARY KEY AUTO_INCREMENT,
  customer_id   INT,
  product_id    INT,
  location_id   INT,
  date_id       INT,
  quantity      INT,
  unit_price    DECIMAL(10,2),
  discount_pct  DECIMAL(5,2),
  total_amount  DECIMAL(10,2),
  status        VARCHAR(20),
  payment_method VARCHAR(20),
  FOREIGN KEY (customer_id) REFERENCES dim_customer(customer_id),
  FOREIGN KEY (product_id)  REFERENCES dim_product(product_id),
  FOREIGN KEY (location_id) REFERENCES dim_location(location_id),
  FOREIGN KEY (date_id)     REFERENCES dim_date(date_id)
);
INSERT INTO fact_orders VALUES
(1,56,49,4,20230325,5,22392.72,25,83972.7,'cancelled','Credit Card'),
(2,145,8,1,20240601,2,28677.81,5,54487.84,'pending','UPI'),
(3,134,29,2,20230730,5,24492.52,20,97970.08,'refunded','Credit Card'),
(4,117,9,9,20240301,4,28239.17,20,90365.34,'refunded','Wallet'),
(5,79,47,1,20240210,3,40841.02,25,91892.29,'pending','COD'),
(6,19,3,7,20231219,1,27104.06,0,27104.06,'completed','Net Banking'),
(7,9,19,7,20230704,2,38314.8,25,57472.2,'refunded','UPI'),
(8,98,29,7,20240120,1,34168.24,25,25626.18,'pending','Wallet'),
(9,90,8,3,20240207,5,6454.62,5,30659.44,'completed','Credit Card'),
(10,77,30,9,20240310,5,19025.9,5,90373.02,'pending','Net Banking'),
(11,89,10,5,20230713,1,1707.64,25,1280.73,'refunded','COD'),
(12,5,16,4,20230310,1,29737.81,15,25277.14,'completed','Debit Card'),
(13,12,26,8,20230828,5,10941.73,0,54708.65,'pending','COD'),
(14,75,15,10,20231123,5,29936.09,25,112260.34,'cancelled','Debit Card'),
(15,78,57,3,20240617,2,20736.65,10,37325.97,'completed','COD'),
(16,45,41,7,20240522,1,48617.28,25,36462.96,'refunded','COD'),
(17,82,45,7,20240223,2,15064.44,5,28622.44,'refunded','Debit Card'),
(18,58,20,3,20240419,1,28163.06,15,23938.6,'pending','Net Banking'),
(19,63,17,4,20231205,1,46119.08,10,41507.17,'completed','COD'),
(20,49,4,5,20240122,5,30185.81,0,150929.05,'pending','COD'),
(21,144,14,8,20230802,3,15229.08,0,45687.24,'pending','Debit Card'),
(22,31,48,8,20230906,5,35218.05,15,149676.71,'pending','COD'),
(23,83,50,5,20240125,4,26729.14,10,96224.9,'cancelled','UPI'),
(24,93,33,8,20240422,1,40160.55,25,30120.41,'refunded','UPI'),
(25,53,24,6,20240228,1,28169.98,5,26761.48,'pending','Credit Card'),
(26,67,36,10,20240303,3,7705.33,10,20804.39,'pending','Net Banking'),
(27,146,54,4,20240526,5,32764.94,25,122868.52,'cancelled','UPI'),
(28,126,47,8,20240416,2,36665.33,10,65997.59,'pending','Debit Card'),
(29,140,32,3,20230302,5,1787.81,0,8939.05,'completed','Credit Card'),
(30,106,9,4,20230311,2,556.16,20,889.86,'refunded','UPI'),
(31,16,40,10,20240509,4,885.02,20,2832.06,'refunded','Credit Card'),
(32,5,34,5,20231021,1,25160.58,25,18870.44,'refunded','Debit Card'),
(33,28,59,2,20240620,2,12124.34,20,19398.94,'cancelled','UPI'),
(34,69,51,7,20230322,3,47968.96,15,122320.85,'pending','Wallet'),
(35,58,20,2,20230202,1,20323.39,15,17274.88,'refunded','Credit Card'),
(36,3,45,3,20230326,4,42281.96,25,126845.88,'cancelled','COD'),
(37,25,58,9,20230213,2,10649.71,25,15974.56,'refunded','UPI'),
(38,12,5,5,20230203,2,46445.44,10,83601.79,'completed','Debit Card'),
(39,37,49,7,20230320,3,8206.27,5,23387.87,'refunded','Wallet'),
(40,139,22,7,20230524,1,25089.56,10,22580.6,'completed','Credit Card'),
(41,112,15,2,20231215,5,38473.38,20,153893.52,'refunded','UPI'),
(42,8,41,5,20240406,4,11484.11,20,36749.15,'refunded','Net Banking'),
(43,48,44,10,20240125,1,38631.15,10,34768.04,'pending','Wallet'),
(44,19,6,5,20230607,4,35612.69,25,106838.07,'pending','Wallet'),
(45,100,21,6,20230420,1,359.24,10,323.32,'refunded','UPI'),
(46,70,7,3,20230331,2,21605.88,20,34569.41,'refunded','Credit Card'),
(47,7,6,6,20230406,5,29942.39,10,134740.76,'refunded','Credit Card'),
(48,75,27,7,20230328,5,45269.86,5,215031.83,'pending','Wallet'),
(49,98,11,3,20231003,3,13493.5,5,38456.47,'completed','Debit Card'),
(50,112,18,7,20231103,4,39155.06,10,140958.22,'cancelled','Debit Card'),
(51,127,39,10,20230720,4,5437.92,10,19576.51,'completed','Net Banking'),
(52,86,54,10,20240125,3,22067.12,15,56271.16,'pending','UPI'),
(53,83,39,4,20240505,3,8964.1,15,22858.46,'cancelled','UPI'),
(54,126,37,4,20231130,4,14086.98,15,47895.73,'cancelled','Credit Card'),
(55,145,13,10,20230704,5,1443.11,25,5411.66,'refunded','Wallet'),
(56,54,29,5,20230312,4,33681.58,5,127990.0,'cancelled','Debit Card'),
(57,65,43,3,20240309,4,3790.86,20,12130.75,'refunded','COD'),
(58,103,35,9,20240304,5,1934.58,10,8705.61,'completed','Credit Card'),
(59,64,43,6,20230620,5,2310.41,25,8664.04,'refunded','UPI'),
(60,111,7,1,20230411,3,11177.85,25,25150.16,'pending','Net Banking'),
(61,96,26,8,20240527,2,17313.87,0,34627.74,'refunded','Credit Card'),
(62,76,27,2,20230429,2,17481.6,10,31466.88,'refunded','Debit Card'),
(63,134,31,6,20240502,1,21964.48,25,16473.36,'refunded','UPI'),
(64,18,20,1,20230428,1,42474.08,25,31855.56,'completed','Wallet'),
(65,43,48,4,20240612,2,27640.32,10,49752.58,'refunded','Net Banking'),
(66,60,52,7,20230708,2,32059.9,15,54501.83,'refunded','Credit Card'),
(67,51,29,10,20240315,4,322.06,5,1223.83,'pending','UPI'),
(68,17,37,2,20230711,3,16366.65,15,41734.96,'completed','UPI'),
(69,126,34,6,20240202,5,19687.95,0,98439.75,'cancelled','UPI'),
(70,118,40,3,20231101,5,29549.4,25,110810.25,'pending','UPI'),
(71,31,16,5,20230430,2,18727.97,5,35583.14,'refunded','Net Banking'),
(72,36,37,7,20240309,2,24384.84,20,39015.74,'pending','COD'),
(73,43,32,5,20230524,2,15797.54,15,26855.82,'completed','UPI'),
(74,3,32,3,20230719,4,48195.07,20,154224.22,'refunded','Net Banking'),
(75,126,27,8,20240515,2,4225.26,0,8450.52,'pending','UPI'),
(76,9,18,4,20231023,2,39058.94,20,62494.3,'refunded','COD'),
(77,131,8,10,20230427,3,38778.14,10,104700.98,'completed','Wallet'),
(78,113,35,4,20240311,1,36825.84,25,27619.38,'pending','UPI'),
(79,9,29,5,20231223,1,22009.59,0,22009.59,'pending','Debit Card'),
(80,90,56,10,20240314,2,30845.94,5,58607.29,'pending','Credit Card'),
(81,146,23,9,20231015,5,26984.55,10,121430.48,'cancelled','UPI'),
(82,147,18,9,20230408,2,48142.32,15,81841.94,'completed','UPI'),
(83,33,45,3,20230913,2,35598.6,5,67637.34,'refunded','Net Banking'),
(84,37,37,5,20240229,4,22654.39,25,67963.17,'completed','Net Banking'),
(85,132,48,5,20240113,4,47517.68,10,171063.65,'completed','Wallet'),
(86,24,47,8,20240102,1,39804.33,15,33833.68,'pending','Net Banking'),
(87,55,32,5,20231127,3,16953.98,20,40689.55,'pending','COD'),
(88,125,51,6,20230219,1,5068.78,15,4308.46,'completed','Credit Card'),
(89,41,29,8,20230101,4,10195.68,25,30587.04,'pending','Wallet'),
(90,78,11,5,20230406,3,12594.42,10,34004.93,'pending','Credit Card'),
(91,102,41,5,20230828,4,32808.71,25,98426.13,'completed','Credit Card'),
(92,55,31,2,20230516,5,11386.92,25,42700.95,'refunded','Credit Card'),
(93,3,45,6,20230504,4,34732.15,15,118089.31,'completed','Debit Card'),
(94,99,6,2,20230416,3,18441.33,10,49791.59,'pending','Net Banking'),
(95,35,42,3,20230312,5,28208.23,20,112832.92,'pending','Net Banking'),
(96,90,47,4,20230605,4,30842.19,15,104863.45,'pending','Credit Card'),
(97,26,9,2,20240129,3,48166.11,10,130048.5,'pending','Debit Card'),
(98,71,42,2,20230912,5,30089.85,25,112836.94,'cancelled','Wallet'),
(99,7,55,5,20230730,5,30385.65,5,144331.84,'refunded','UPI'),
(100,14,51,4,20240521,4,5725.91,15,19468.09,'completed','COD'),
(101,4,24,6,20230516,4,43054.62,20,137774.78,'refunded','UPI'),
(102,140,44,3,20240427,1,932.8,0,932.8,'completed','UPI'),
(103,56,3,1,20240212,5,14395.74,25,53984.02,'refunded','Net Banking'),
(104,103,6,9,20230606,3,4271.49,0,12814.47,'pending','Debit Card'),
(105,138,21,7,20230309,3,34963.93,25,78668.84,'pending','Credit Card'),
(106,63,6,7,20230429,4,30653.61,0,122614.44,'cancelled','Wallet'),
(107,45,8,1,20230521,1,8275.25,10,7447.73,'cancelled','Debit Card'),
(108,96,9,5,20230501,1,16817.05,15,14294.49,'cancelled','COD'),
(109,17,17,10,20230320,4,22814.37,10,82131.73,'completed','Net Banking'),
(110,146,11,6,20230611,3,38689.11,20,92853.86,'completed','Debit Card'),
(111,131,1,1,20230113,2,2394.48,10,4310.06,'refunded','Debit Card'),
(112,46,55,1,20240305,2,16157.92,15,27468.46,'cancelled','UPI'),
(113,20,37,6,20230503,5,33698.95,0,168494.75,'pending','Debit Card'),
(114,133,3,7,20230312,4,43315.01,10,155934.04,'cancelled','Credit Card'),
(115,142,30,1,20240113,2,14650.6,10,26371.08,'pending','Net Banking'),
(116,95,38,8,20230720,5,38048.06,5,180728.28,'pending','Credit Card'),
(117,105,2,4,20231221,1,47554.41,0,47554.41,'refunded','Wallet'),
(118,79,7,4,20240626,2,21048.81,0,42097.62,'pending','Wallet'),
(119,72,6,1,20230826,5,20711.53,10,93201.88,'refunded','Wallet'),
(120,22,38,2,20240601,2,31897.06,15,54225.0,'completed','COD'),
(121,146,4,7,20230514,2,14654.63,10,26378.33,'refunded','Wallet'),
(122,84,21,8,20231006,2,3826.9,5,7271.11,'pending','COD'),
(123,28,10,2,20230618,4,23356.15,15,79410.91,'completed','COD'),
(124,92,50,4,20240407,3,23221.0,0,69663.0,'completed','Debit Card'),
(125,78,53,10,20230211,2,41812.65,10,75262.77,'pending','Credit Card'),
(126,64,23,7,20240609,1,33891.45,10,30502.3,'pending','Credit Card'),
(127,104,55,8,20230913,1,23155.96,5,21998.16,'completed','Credit Card'),
(128,16,54,4,20230514,2,41201.3,10,74162.34,'completed','COD'),
(129,67,59,2,20230123,1,9967.74,25,7475.81,'refunded','Debit Card'),
(130,24,58,6,20230506,1,47119.8,0,47119.8,'pending','COD'),
(131,111,53,7,20240523,1,19198.2,15,16318.47,'pending','UPI'),
(132,55,59,3,20231009,3,22355.97,5,63714.51,'completed','COD'),
(133,63,42,5,20240525,4,44150.65,15,150112.21,'completed','Credit Card'),
(134,72,25,3,20240305,2,32168.36,20,51469.38,'pending','Wallet'),
(135,140,51,1,20240127,3,24036.25,15,61292.44,'cancelled','COD'),
(136,129,21,7,20231004,2,1400.54,20,2240.86,'pending','Credit Card'),
(137,72,4,8,20240626,3,38365.42,5,109341.45,'pending','Credit Card'),
(138,64,43,4,20230930,5,40832.63,25,153122.36,'completed','Debit Card'),
(139,148,55,7,20231230,2,8887.41,20,14219.86,'cancelled','Wallet'),
(140,92,59,10,20230129,3,47383.18,20,113719.63,'pending','COD'),
(141,49,54,8,20231113,2,24572.78,0,49145.56,'completed','Debit Card'),
(142,57,2,9,20240504,1,16653.53,20,13322.82,'pending','Debit Card'),
(143,88,46,3,20231128,1,1193.45,20,954.76,'pending','Credit Card'),
(144,135,56,6,20230316,3,35256.45,25,79327.01,'refunded','COD'),
(145,26,22,5,20231127,2,48795.45,25,73193.17,'refunded','Wallet'),
(146,125,42,6,20230628,5,34708.66,20,138834.64,'cancelled','Debit Card'),
(147,45,25,5,20231029,2,8967.64,0,17935.28,'refunded','COD'),
(148,9,12,10,20231122,5,11122.67,20,44490.68,'completed','Net Banking'),
(149,37,22,2,20230901,3,49120.74,5,139994.11,'completed','Wallet'),
(150,86,29,1,20230929,2,12552.09,0,25104.18,'cancelled','UPI'),
(151,28,47,1,20230219,4,21967.19,15,74688.45,'pending','Net Banking'),
(152,127,57,7,20231226,5,18829.84,15,80026.82,'pending','Debit Card'),
(153,116,5,1,20231029,1,16003.97,0,16003.97,'completed','UPI'),
(154,44,57,7,20230614,1,27397.61,0,27397.61,'cancelled','COD'),
(155,124,46,1,20240317,2,30405.15,15,51688.76,'pending','Credit Card'),
(156,26,22,4,20230714,4,34890.12,25,104670.36,'cancelled','Wallet'),
(157,73,20,4,20230409,1,19705.82,20,15764.66,'refunded','Debit Card'),
(158,14,24,1,20240313,1,14798.02,25,11098.51,'refunded','Debit Card'),
(159,25,2,4,20230624,3,48855.18,15,124580.71,'completed','UPI'),
(160,102,31,8,20230929,1,32129.13,15,27309.76,'pending','UPI'),
(161,98,24,3,20240401,1,13238.47,15,11252.7,'cancelled','Debit Card'),
(162,69,37,1,20230604,1,4376.79,10,3939.11,'refunded','COD'),
(163,59,36,1,20240201,5,20989.74,20,83958.96,'refunded','COD'),
(164,61,31,5,20230322,4,45148.58,25,135445.74,'completed','COD'),
(165,147,58,9,20230531,1,47467.82,15,40347.65,'pending','Debit Card'),
(166,55,52,4,20230510,1,21226.41,25,15919.81,'refunded','Debit Card'),
(167,38,54,10,20230922,3,45549.14,0,136647.42,'completed','Net Banking'),
(168,143,26,9,20231130,3,26032.44,0,78097.32,'refunded','Credit Card'),
(169,107,10,3,20230413,1,28177.92,0,28177.92,'cancelled','COD'),
(170,89,57,7,20230928,4,32773.9,20,104876.48,'refunded','Credit Card'),
(171,45,18,7,20230528,5,30471.9,25,114269.62,'refunded','Credit Card'),
(172,102,57,6,20230901,1,37312.92,10,33581.63,'cancelled','Credit Card'),
(173,87,53,5,20231115,3,42158.04,25,94855.59,'completed','Debit Card'),
(174,35,20,8,20231125,3,36467.09,20,87521.02,'completed','Debit Card'),
(175,114,14,7,20240511,5,43372.73,0,216863.65,'pending','Credit Card'),
(176,80,46,9,20240218,2,39047.77,20,62476.43,'completed','Debit Card'),
(177,50,57,4,20230301,2,1750.25,0,3500.5,'cancelled','Wallet'),
(178,51,18,6,20240420,5,19907.42,0,99537.1,'completed','Debit Card'),
(179,96,32,10,20240401,2,48029.97,15,81650.95,'cancelled','UPI'),
(180,42,54,5,20230403,3,1469.78,0,4409.34,'pending','COD'),
(181,55,55,4,20230819,2,13527.27,15,22996.36,'completed','Wallet'),
(182,3,31,3,20230627,5,40063.15,5,190299.96,'cancelled','COD'),
(183,79,46,5,20240309,4,42594.15,15,144820.11,'cancelled','Debit Card'),
(184,120,20,9,20240211,5,5205.37,20,20821.48,'cancelled','COD'),
(185,73,20,2,20240508,1,16880.55,10,15192.49,'cancelled','UPI'),
(186,67,42,5,20230712,2,25912.95,5,49234.6,'completed','COD'),
(187,104,43,6,20230524,1,32804.49,10,29524.04,'cancelled','Net Banking'),
(188,104,25,1,20230714,3,36354.84,5,103611.29,'refunded','Wallet'),
(189,92,33,5,20230624,5,9138.68,0,45693.4,'refunded','Debit Card'),
(190,67,47,9,20230707,3,32756.29,5,93355.43,'cancelled','Debit Card'),
(191,79,27,6,20240116,3,29319.98,15,74765.95,'completed','Net Banking'),
(192,14,56,10,20230314,4,44482.36,20,142343.55,'completed','Wallet'),
(193,98,34,5,20240228,1,43555.37,5,41377.6,'pending','Debit Card'),
(194,88,27,10,20240413,2,15887.53,25,23831.3,'pending','Credit Card'),
(195,125,22,3,20231117,1,335.2,10,301.68,'pending','Debit Card'),
(196,148,49,3,20240516,1,6557.36,15,5573.76,'refunded','Net Banking'),
(197,110,31,7,20230105,1,26735.75,25,20051.81,'cancelled','Credit Card'),
(198,83,49,9,20230715,1,33869.73,25,25402.3,'pending','Debit Card'),
(199,89,20,3,20230416,4,25216.49,10,90779.36,'pending','Credit Card'),
(200,12,20,5,20240411,5,29858.86,10,134364.87,'refunded','Wallet');

DROP TABLE IF EXISTS fact_deliveries;
CREATE TABLE fact_deliveries (
  delivery_id     INT PRIMARY KEY AUTO_INCREMENT,
  customer_id     INT,
  restaurant_id   INT,
  location_id     INT,
  date_id         INT,
  items_ordered   INT,
  order_amount    DECIMAL(10,2),
  delivery_fee    DECIMAL(6,2),
  delivery_time_mins INT,
  delivery_status VARCHAR(20),
  rating          DECIMAL(2,1),
  FOREIGN KEY (customer_id)   REFERENCES dim_customer(customer_id),
  FOREIGN KEY (restaurant_id) REFERENCES dim_restaurant(restaurant_id),
  FOREIGN KEY (location_id)   REFERENCES dim_location(location_id),
  FOREIGN KEY (date_id)       REFERENCES dim_date(date_id)
);
INSERT INTO fact_deliveries VALUES
(1,35,6,8,20240103,2,413.28,40,17,'Cancelled',NULL),
(2,58,12,3,20230805,6,141.64,49,36,'Delivered',2.5),
(3,10,7,5,20230219,5,1989.89,0,17,'Delivered',3.8),
(4,107,8,7,20230507,5,580.2,20,41,'Delivered',2.2),
(5,26,11,9,20231004,5,1250.71,20,68,'Delivered',3.0),
(6,31,5,2,20230419,4,477.43,20,48,'Cancelled',NULL),
(7,92,12,7,20231030,2,174.87,40,41,'Pending',NULL),
(8,85,4,1,20230114,6,269.11,0,88,'Pending',NULL),
(9,39,2,9,20230318,6,1474.79,30,44,'Pending',NULL),
(10,76,5,8,20230221,1,1645.04,0,52,'In Transit',NULL),
(11,81,7,2,20230408,1,118.38,20,36,'In Transit',NULL),
(12,92,8,10,20231002,6,276.61,30,38,'Delivered',2.6),
(13,117,5,7,20240504,4,1332.81,20,29,'Cancelled',NULL),
(14,16,3,2,20240302,5,1017.08,49,71,'Cancelled',NULL),
(15,98,6,10,20230130,6,1771.91,20,76,'Pending',NULL),
(16,29,7,8,20230217,1,597.06,30,16,'Cancelled',NULL),
(17,87,9,9,20230408,4,1357.26,20,76,'In Transit',NULL),
(18,99,3,9,20230225,1,1322.46,20,79,'Pending',NULL),
(19,127,3,2,20240518,3,557.69,30,21,'Cancelled',NULL),
(20,141,11,7,20240217,2,249.78,40,88,'Pending',NULL),
(21,23,8,8,20231120,1,1963.27,0,28,'Pending',NULL),
(22,106,1,9,20230101,1,1604.39,49,53,'Cancelled',NULL),
(23,117,6,6,20230225,2,1704.2,30,86,'Pending',NULL),
(24,94,12,8,20230427,1,1542.71,20,15,'In Transit',NULL),
(25,91,11,5,20240618,3,1433.98,0,36,'Pending',NULL),
(26,36,12,7,20230420,3,1260.62,20,30,'Pending',NULL),
(27,56,8,4,20231213,1,1538.58,0,90,'Delivered',4.1),
(28,116,8,10,20240531,2,1931.32,0,82,'Delivered',3.2),
(29,111,10,8,20240604,2,1414.45,20,31,'Delivered',2.5),
(30,83,9,7,20240304,5,1840.23,20,50,'Pending',NULL),
(31,88,5,8,20230517,2,884.22,49,53,'In Transit',NULL),
(32,142,11,4,20230725,2,1285.92,30,59,'Cancelled',NULL),
(33,46,9,9,20231127,6,319.27,30,86,'Pending',NULL),
(34,150,10,7,20240630,3,1767.21,40,16,'Delivered',1.1),
(35,38,1,1,20230724,3,1525.35,20,51,'In Transit',NULL),
(36,38,1,5,20230728,5,161.38,40,28,'Cancelled',NULL),
(37,144,7,4,20240607,6,646.51,0,63,'Pending',NULL),
(38,107,11,6,20230225,1,1512.97,20,71,'Cancelled',NULL),
(39,95,10,9,20230721,6,1932.15,30,72,'Cancelled',NULL),
(40,20,3,3,20240610,1,816.68,40,50,'In Transit',NULL),
(41,34,3,10,20230919,1,728.07,20,20,'Cancelled',NULL),
(42,83,10,1,20231105,4,1600.83,49,60,'Delivered',4.1),
(43,82,9,4,20230708,5,229.54,49,35,'Pending',NULL),
(44,140,9,7,20230405,3,520.28,20,57,'In Transit',NULL),
(45,93,5,4,20240627,4,1993.6,0,29,'In Transit',NULL),
(46,115,4,10,20230907,1,1396.85,30,63,'Delivered',2.5),
(47,139,12,5,20230126,5,1662.01,30,80,'Pending',NULL),
(48,125,1,5,20230717,3,1076.4,0,36,'Delivered',3.5),
(49,54,11,4,20240310,1,490.6,40,24,'Cancelled',NULL),
(50,7,8,6,20230208,1,239.17,20,47,'Delivered',3.3),
(51,59,5,7,20240202,4,1297.41,40,55,'Delivered',2.6),
(52,31,9,1,20230306,6,1212.66,0,60,'Delivered',2.2),
(53,78,10,2,20231016,4,824.69,0,75,'Cancelled',NULL),
(54,137,4,3,20240205,5,660.46,20,53,'In Transit',NULL),
(55,3,9,9,20230525,1,179.37,49,65,'Delivered',2.2),
(56,89,4,7,20240608,2,405.81,20,47,'Cancelled',NULL),
(57,30,3,10,20230225,5,976.4,49,24,'In Transit',NULL),
(58,18,5,2,20230722,6,1203.13,30,60,'Cancelled',NULL),
(59,61,2,5,20230313,2,703.79,40,57,'In Transit',NULL),
(60,150,3,10,20240109,3,1921.45,20,15,'In Transit',NULL),
(61,64,4,7,20231011,3,355.18,30,76,'Pending',NULL),
(62,115,6,5,20240513,5,306.78,49,25,'In Transit',NULL),
(63,36,9,4,20230927,6,1784.04,0,24,'Delivered',4.4),
(64,8,10,10,20240219,5,504.25,0,85,'In Transit',NULL),
(65,140,9,8,20230602,3,845.75,49,52,'Cancelled',NULL),
(66,119,9,9,20230403,4,791.34,0,45,'Cancelled',NULL),
(67,132,3,8,20230613,2,1176.08,49,33,'Pending',NULL),
(68,92,1,4,20240514,2,219.44,30,44,'Delivered',3.7),
(69,133,6,7,20240425,4,1774.95,0,56,'Delivered',3.8),
(70,134,11,5,20230927,5,1134.27,20,63,'Pending',NULL),
(71,94,10,2,20240613,3,815.02,20,81,'Pending',NULL),
(72,91,6,8,20240508,5,112.54,20,71,'Cancelled',NULL),
(73,59,2,9,20231015,2,385.46,20,61,'Delivered',3.6),
(74,107,6,2,20240508,6,1009.75,20,90,'Cancelled',NULL),
(75,106,1,4,20230214,2,1189.62,20,32,'Delivered',4.6),
(76,38,1,3,20230922,2,1081.62,40,87,'Delivered',4.5),
(77,73,2,4,20240404,5,1986.27,40,36,'Cancelled',NULL),
(78,106,10,3,20230706,5,1353.33,30,36,'In Transit',NULL),
(79,117,10,10,20230312,2,818.6,20,28,'Delivered',1.8),
(80,130,11,7,20230603,5,282.97,40,19,'Delivered',1.4),
(81,34,10,9,20230102,6,1333.54,49,68,'In Transit',NULL),
(82,12,12,9,20240315,2,1883.0,40,63,'In Transit',NULL),
(83,148,2,7,20230518,3,1006.57,20,25,'In Transit',NULL),
(84,140,7,5,20230713,1,1447.38,0,88,'Delivered',3.1),
(85,97,11,4,20231120,4,788.31,20,69,'In Transit',NULL),
(86,67,9,7,20240110,5,623.57,40,41,'Pending',NULL),
(87,142,9,8,20230703,3,1162.28,40,47,'In Transit',NULL),
(88,148,6,7,20230522,6,326.26,20,72,'Cancelled',NULL),
(89,26,4,9,20240215,3,1621.62,49,21,'Cancelled',NULL),
(90,100,11,1,20230404,2,996.17,49,70,'Delivered',1.3),
(91,57,6,2,20230208,6,830.22,40,81,'In Transit',NULL),
(92,15,3,8,20240325,1,483.24,49,51,'Cancelled',NULL),
(93,9,10,9,20240612,6,540.17,20,19,'In Transit',NULL),
(94,62,11,1,20230611,1,1993.95,40,60,'Pending',NULL),
(95,104,10,4,20240614,1,1500.16,0,26,'In Transit',NULL),
(96,144,10,6,20231222,3,529.96,20,73,'Pending',NULL),
(97,148,1,5,20230629,4,1061.85,49,24,'In Transit',NULL),
(98,88,2,9,20230921,5,1644.98,49,47,'Pending',NULL),
(99,97,10,8,20230907,3,1926.35,40,73,'Delivered',2.9),
(100,67,2,7,20230814,6,1432.23,30,67,'In Transit',NULL),
(101,133,9,1,20230927,2,645.85,40,58,'Delivered',3.2),
(102,46,8,6,20231229,2,1799.2,30,38,'Cancelled',NULL),
(103,128,12,4,20230829,6,559.91,30,41,'Cancelled',NULL),
(104,52,4,10,20231231,2,1579.98,0,25,'Pending',NULL),
(105,2,9,1,20240508,3,1279.27,40,88,'In Transit',NULL),
(106,126,3,9,20231014,4,521.98,49,31,'Delivered',3.1),
(107,109,8,9,20230203,5,759.85,20,73,'Delivered',3.8),
(108,118,6,1,20230113,6,500.43,49,27,'In Transit',NULL),
(109,93,10,5,20230711,5,599.41,30,75,'In Transit',NULL),
(110,94,3,8,20240310,2,896.28,30,61,'Pending',NULL),
(111,72,8,3,20230515,5,1403.42,0,49,'Cancelled',NULL),
(112,143,7,7,20230720,2,1620.07,20,75,'Delivered',1.7),
(113,128,3,9,20240630,6,699.88,40,53,'In Transit',NULL),
(114,144,10,1,20240212,1,1412.03,0,42,'In Transit',NULL),
(115,122,11,2,20240405,6,735.85,30,61,'In Transit',NULL),
(116,89,1,7,20230505,3,1748.0,49,40,'Cancelled',NULL),
(117,73,6,6,20240606,4,1572.01,40,25,'Pending',NULL),
(118,74,8,3,20230621,6,1634.66,30,68,'Pending',NULL),
(119,19,2,3,20231218,2,695.62,30,49,'Pending',NULL),
(120,70,8,6,20240617,4,886.58,20,17,'Cancelled',NULL),
(121,61,11,5,20230323,2,417.13,0,27,'Delivered',4.7),
(122,122,9,1,20230127,4,1095.57,0,28,'In Transit',NULL),
(123,40,2,7,20231113,2,570.05,30,71,'Cancelled',NULL),
(124,34,9,3,20230130,1,1360.74,30,75,'Pending',NULL),
(125,139,5,9,20240331,2,1942.13,49,37,'Pending',NULL),
(126,145,7,9,20240630,3,1826.95,40,84,'Cancelled',NULL),
(127,23,8,5,20240110,4,593.63,30,16,'Delivered',3.1),
(128,35,6,5,20240425,5,115.8,40,76,'In Transit',NULL),
(129,3,7,5,20230825,1,1141.6,20,67,'Pending',NULL),
(130,102,4,3,20240204,4,519.13,0,69,'Cancelled',NULL),
(131,133,10,5,20231019,6,1511.56,30,67,'Cancelled',NULL),
(132,18,3,3,20231024,1,1310.1,49,72,'In Transit',NULL),
(133,126,4,6,20230120,2,194.3,49,17,'Cancelled',NULL),
(134,27,5,5,20230509,6,932.99,0,44,'Delivered',1.6),
(135,127,4,6,20240306,3,1592.88,40,62,'Pending',NULL),
(136,9,6,2,20230530,1,606.36,40,24,'Pending',NULL),
(137,47,4,5,20240126,1,331.73,20,64,'Pending',NULL),
(138,64,12,1,20230723,4,1497.11,0,81,'Cancelled',NULL),
(139,122,7,5,20231127,2,1295.41,0,85,'Delivered',2.0),
(140,77,4,6,20230223,6,513.8,0,45,'Pending',NULL),
(141,84,1,3,20231010,5,327.33,20,16,'Delivered',3.3),
(142,122,12,10,20230608,3,1564.51,20,35,'Pending',NULL),
(143,24,11,10,20231213,6,214.1,30,34,'Delivered',1.5),
(144,60,6,9,20231222,4,1493.06,0,63,'In Transit',NULL),
(145,35,5,1,20240511,6,931.25,30,84,'Pending',NULL),
(146,49,10,3,20231223,3,1491.56,30,85,'Cancelled',NULL),
(147,18,9,3,20240405,3,1656.9,49,61,'Pending',NULL),
(148,1,11,9,20240124,6,452.52,0,61,'Cancelled',NULL),
(149,83,12,2,20240201,2,1095.73,40,85,'Cancelled',NULL),
(150,73,6,7,20231126,1,282.89,0,20,'Cancelled',NULL),
(151,46,1,4,20230420,4,464.07,0,88,'Pending',NULL),
(152,126,9,10,20230920,1,796.07,49,24,'Delivered',4.7),
(153,54,11,8,20230323,4,1621.94,0,61,'Pending',NULL),
(154,95,12,1,20230930,5,177.24,0,53,'Delivered',4.8),
(155,133,2,2,20230825,5,832.13,20,82,'Cancelled',NULL),
(156,146,11,3,20240301,6,300.48,49,60,'Pending',NULL),
(157,110,2,3,20230704,5,862.96,30,35,'Pending',NULL),
(158,91,6,9,20231129,3,883.45,40,56,'Cancelled',NULL),
(159,145,9,4,20240120,5,1859.68,30,61,'Pending',NULL),
(160,115,7,1,20230205,3,1231.95,49,32,'In Transit',NULL),
(161,2,5,4,20230808,3,141.23,30,85,'Cancelled',NULL),
(162,25,1,8,20231231,2,362.98,30,89,'Cancelled',NULL),
(163,60,5,5,20230405,5,859.62,20,24,'In Transit',NULL),
(164,124,3,8,20230408,5,1320.28,0,88,'Pending',NULL),
(165,21,1,6,20231223,4,891.39,0,44,'Delivered',3.5),
(166,98,1,5,20240620,1,706.7,49,34,'In Transit',NULL),
(167,129,12,4,20230606,1,1379.91,40,72,'Delivered',1.9),
(168,75,7,3,20230516,3,256.84,49,21,'Pending',NULL),
(169,68,2,7,20240528,4,1570.27,20,32,'Pending',NULL),
(170,144,4,8,20240209,6,1185.53,49,82,'Cancelled',NULL),
(171,63,2,5,20240316,3,1401.0,49,26,'Delivered',3.7),
(172,109,6,6,20230715,3,754.6,0,54,'Cancelled',NULL),
(173,90,10,8,20230530,4,185.27,20,40,'In Transit',NULL),
(174,40,12,2,20230426,6,203.62,49,33,'In Transit',NULL),
(175,4,6,2,20231109,4,995.26,30,41,'Cancelled',NULL),
(176,53,9,9,20230922,5,1017.75,20,17,'Pending',NULL),
(177,150,11,9,20230214,3,423.61,30,40,'In Transit',NULL),
(178,14,8,1,20230310,4,1354.71,30,28,'Delivered',2.2),
(179,99,4,7,20240604,6,289.25,30,77,'Delivered',1.7),
(180,129,8,9,20230123,1,570.05,49,54,'In Transit',NULL),
(181,126,7,3,20230119,3,1400.19,30,53,'Cancelled',NULL),
(182,129,5,1,20230921,4,1791.76,0,86,'In Transit',NULL),
(183,58,3,6,20240207,6,360.8,40,81,'Cancelled',NULL),
(184,107,4,10,20230606,4,1944.02,49,57,'Pending',NULL),
(185,139,3,4,20230522,5,1128.57,20,32,'In Transit',NULL),
(186,135,3,7,20230529,6,1872.76,20,55,'Delivered',3.2),
(187,31,3,6,20230530,6,156.02,30,67,'Pending',NULL),
(188,78,8,5,20230605,2,302.87,20,18,'In Transit',NULL),
(189,146,10,4,20230826,2,1406.02,30,25,'Pending',NULL),
(190,35,9,10,20240425,6,1334.18,20,64,'Pending',NULL),
(191,122,3,3,20230717,2,161.24,0,49,'Pending',NULL),
(192,57,12,4,20230729,1,436.45,40,77,'In Transit',NULL),
(193,118,4,7,20240219,1,1255.07,40,55,'Pending',NULL),
(194,147,10,9,20240621,6,1763.99,0,81,'Delivered',2.8),
(195,11,4,9,20240210,6,174.58,40,81,'Delivered',1.8),
(196,113,7,5,20231020,4,416.32,30,21,'Cancelled',NULL),
(197,119,11,8,20230403,6,1051.25,20,89,'Cancelled',NULL),
(198,101,7,6,20240406,1,439.87,49,40,'Pending',NULL),
(199,24,5,6,20230617,6,1493.2,0,29,'Pending',NULL),
(200,93,2,9,20240129,6,1603.03,49,35,'Pending',NULL);

DROP TABLE IF EXISTS fact_subscriptions;
CREATE TABLE fact_subscriptions (
  sub_id        INT PRIMARY KEY AUTO_INCREMENT,
  customer_id   INT,
  plan          VARCHAR(20),
  monthly_price DECIMAL(8,2),
  start_date    DATE,
  end_date      DATE,
  date_id       INT,
  is_active     TINYINT,
  payment_method VARCHAR(20),
  FOREIGN KEY (customer_id) REFERENCES dim_customer(customer_id),
  FOREIGN KEY (date_id)     REFERENCES dim_date(date_id)
);
INSERT INTO fact_subscriptions VALUES
(1,141,'Enterprise',4999,'2022-02-14','2022-05-15',20220214,0,'UPI'),
(2,145,'Basic',299,'2022-06-16','2022-09-14',20220616,0,'Debit Card'),
(3,14,'Enterprise',4999,'2022-11-12','2023-05-11',20221112,0,'Wallet'),
(4,115,'Pro',999,'2023-10-04','2024-01-02',20231004,1,'Credit Card'),
(5,34,'Basic',299,'2022-01-04','2022-07-03',20220104,0,'Credit Card'),
(6,118,'Enterprise',4999,'2023-05-26','2023-06-25',20230526,0,'COD'),
(7,127,'Basic',299,'2022-08-11','2023-08-11',20220811,0,'Net Banking'),
(8,105,'Enterprise',4999,'2022-03-23','2022-04-22',20220323,0,'Debit Card'),
(9,141,'Pro',999,'2023-09-27','2023-12-26',20230927,0,'Credit Card'),
(10,48,'Basic',299,'2022-02-26','2022-08-25',20220226,0,'Credit Card'),
(11,38,'Free',0,'2023-11-15','2024-05-13',20231115,1,'UPI'),
(12,23,'Free',0,'2022-04-22','2023-04-22',20220422,0,'Debit Card'),
(13,42,'Pro',999,'2023-09-18','2023-12-17',20230918,0,'Net Banking'),
(14,149,'Pro',999,'2022-02-06','2022-03-08',20220206,0,'UPI'),
(15,83,'Pro',999,'2023-01-24','2023-02-23',20230124,0,'Net Banking'),
(16,141,'Free',0,'2022-10-27','2023-10-27',20221027,0,'Debit Card'),
(17,32,'Pro',999,'2022-12-04','2023-12-04',20221204,0,'COD'),
(18,54,'Basic',299,'2023-09-19','2023-10-19',20230919,0,'Credit Card'),
(19,147,'Free',0,'2023-05-11','2023-11-07',20230511,0,'Net Banking'),
(20,82,'Pro',999,'2023-06-23','2023-12-20',20230623,0,'Debit Card'),
(21,145,'Enterprise',4999,'2023-06-17','2024-06-16',20230617,1,'Net Banking'),
(22,47,'Basic',299,'2022-10-25','2023-01-23',20221025,0,'Credit Card'),
(23,31,'Free',0,'2023-04-22','2023-05-22',20230422,0,'Wallet'),
(24,54,'Enterprise',4999,'2023-02-28','2023-03-30',20230228,0,'UPI'),
(25,90,'Basic',299,'2022-01-12','2022-04-12',20220112,0,'Wallet'),
(26,73,'Pro',999,'2022-03-11','2022-09-07',20220311,0,'UPI'),
(27,130,'Pro',999,'2022-01-07','2022-02-06',20220107,0,'Wallet'),
(28,86,'Pro',999,'2023-02-10','2023-03-12',20230210,0,'Debit Card'),
(29,50,'Pro',999,'2022-12-13','2023-12-13',20221213,0,'Net Banking'),
(30,10,'Basic',299,'2023-05-09','2023-08-07',20230509,0,'Wallet'),
(31,118,'Pro',999,'2023-04-19','2024-04-18',20230419,1,'Wallet'),
(32,15,'Pro',999,'2023-08-02','2024-01-29',20230802,1,'COD'),
(33,138,'Free',0,'2022-08-02','2023-01-29',20220802,0,'UPI'),
(34,17,'Basic',299,'2022-10-15','2022-11-14',20221015,0,'UPI'),
(35,97,'Basic',299,'2023-08-08','2024-08-07',20230808,1,'Debit Card'),
(36,30,'Pro',999,'2022-11-19','2022-12-19',20221119,0,'UPI'),
(37,106,'Free',0,'2023-05-24','2023-08-22',20230524,0,'UPI'),
(38,116,'Pro',999,'2022-08-10','2023-02-06',20220810,0,'Debit Card'),
(39,29,'Pro',999,'2022-02-08','2022-05-09',20220208,0,'Credit Card'),
(40,114,'Free',0,'2023-05-10','2023-08-08',20230510,0,'Debit Card'),
(41,88,'Enterprise',4999,'2023-06-21','2023-12-18',20230621,0,'UPI'),
(42,37,'Free',0,'2023-06-13','2023-09-11',20230613,0,'Debit Card'),
(43,10,'Enterprise',4999,'2023-02-01','2023-03-03',20230201,0,'Credit Card'),
(44,80,'Free',0,'2023-09-01','2023-10-01',20230901,0,'UPI'),
(45,120,'Free',0,'2022-04-16','2022-10-13',20220416,0,'Credit Card'),
(46,148,'Pro',999,'2023-10-17','2024-01-15',20231017,1,'UPI'),
(47,52,'Basic',299,'2022-10-21','2023-04-19',20221021,0,'COD'),
(48,82,'Enterprise',4999,'2023-11-19','2023-12-19',20231119,0,'UPI'),
(49,39,'Basic',299,'2022-10-08','2022-11-07',20221008,0,'Credit Card'),
(50,144,'Free',0,'2022-07-31','2023-01-27',20220731,0,'COD'),
(51,82,'Pro',999,'2022-05-25','2022-11-21',20220525,0,'COD'),
(52,63,'Basic',299,'2022-03-14','2022-09-10',20220314,0,'COD'),
(53,87,'Enterprise',4999,'2022-02-21','2022-05-22',20220221,0,'Credit Card'),
(54,121,'Free',0,'2022-04-19','2023-04-19',20220419,0,'Credit Card'),
(55,23,'Enterprise',4999,'2023-02-06','2023-05-07',20230206,0,'Wallet'),
(56,115,'Pro',999,'2022-11-16','2023-05-15',20221116,0,'Debit Card'),
(57,137,'Free',0,'2023-04-22','2023-07-21',20230422,0,'Credit Card'),
(58,120,'Free',0,'2023-04-12','2023-10-09',20230412,0,'Wallet'),
(59,120,'Enterprise',4999,'2022-08-26','2022-11-24',20220826,0,'Debit Card'),
(60,67,'Pro',999,'2023-02-06','2023-05-07',20230206,0,'Wallet'),
(61,85,'Pro',999,'2023-04-10','2024-04-09',20230410,1,'Credit Card'),
(62,17,'Enterprise',4999,'2022-04-26','2022-10-23',20220426,0,'Net Banking'),
(63,119,'Basic',299,'2022-10-17','2023-04-15',20221017,0,'COD'),
(64,148,'Basic',299,'2023-06-05','2023-07-05',20230605,0,'Net Banking'),
(65,28,'Pro',999,'2023-07-24','2023-08-23',20230724,0,'UPI'),
(66,137,'Enterprise',4999,'2023-02-15','2024-02-15',20230215,1,'Debit Card'),
(67,63,'Basic',299,'2023-05-09','2024-05-08',20230509,1,'Credit Card'),
(68,88,'Basic',299,'2023-08-29','2024-08-28',20230829,1,'Net Banking'),
(69,146,'Pro',999,'2023-07-12','2023-10-10',20230712,0,'Debit Card'),
(70,20,'Enterprise',4999,'2022-04-28','2023-04-28',20220428,0,'UPI'),
(71,143,'Free',0,'2023-04-01','2023-06-30',20230401,0,'UPI'),
(72,104,'Free',0,'2023-09-05','2023-10-05',20230905,0,'Wallet'),
(73,98,'Pro',999,'2023-05-22','2023-06-21',20230522,0,'Credit Card'),
(74,56,'Basic',299,'2023-08-18','2023-09-17',20230818,0,'Debit Card'),
(75,39,'Enterprise',4999,'2023-06-29','2023-12-26',20230629,0,'Net Banking'),
(76,148,'Enterprise',4999,'2022-07-20','2022-10-18',20220720,0,'Wallet'),
(77,82,'Pro',999,'2023-08-07','2024-02-03',20230807,1,'Net Banking'),
(78,89,'Free',0,'2023-08-20','2023-09-19',20230820,0,'COD'),
(79,131,'Enterprise',4999,'2022-05-11','2022-11-07',20220511,0,'Credit Card'),
(80,95,'Free',0,'2022-01-01','2022-06-30',20220101,0,'Credit Card'),
(81,73,'Free',0,'2022-08-29','2023-08-29',20220829,0,'Wallet'),
(82,101,'Pro',999,'2023-01-27','2024-01-27',20230127,1,'Net Banking'),
(83,112,'Basic',299,'2023-11-10','2024-02-08',20231110,1,'Net Banking'),
(84,36,'Basic',299,'2023-07-23','2024-07-22',20230723,1,'UPI'),
(85,107,'Basic',299,'2022-10-23','2023-01-21',20221023,0,'Debit Card'),
(86,3,'Free',0,'2023-10-26','2023-11-25',20231026,0,'Debit Card'),
(87,125,'Enterprise',4999,'2022-05-20','2022-06-19',20220520,0,'Debit Card'),
(88,107,'Enterprise',4999,'2023-09-11','2024-09-10',20230911,1,'COD'),
(89,47,'Enterprise',4999,'2023-06-06','2024-06-05',20230606,1,'COD'),
(90,116,'Enterprise',4999,'2022-12-30','2023-03-30',20221230,0,'Debit Card'),
(91,109,'Free',0,'2023-08-15','2024-08-14',20230815,1,'Wallet'),
(92,61,'Pro',999,'2023-02-25','2023-08-24',20230225,0,'Credit Card'),
(93,10,'Enterprise',4999,'2023-01-13','2023-02-12',20230113,0,'COD'),
(94,124,'Free',0,'2022-05-26','2022-11-22',20220526,0,'Net Banking'),
(95,133,'Free',0,'2023-06-20','2023-07-20',20230620,0,'Debit Card'),
(96,121,'Free',0,'2023-10-11','2024-04-08',20231011,1,'COD'),
(97,14,'Pro',999,'2023-07-02','2023-08-01',20230702,0,'Net Banking'),
(98,117,'Enterprise',4999,'2023-08-11','2024-02-07',20230811,1,'Net Banking'),
(99,91,'Pro',999,'2022-10-24','2023-01-22',20221024,0,'Credit Card'),
(100,78,'Pro',999,'2022-03-04','2023-03-04',20220304,0,'COD'),
(101,44,'Free',0,'2023-11-04','2024-05-02',20231104,1,'Wallet'),
(102,7,'Pro',999,'2023-05-12','2023-06-11',20230512,0,'Debit Card'),
(103,130,'Free',0,'2022-10-12','2023-04-10',20221012,0,'Debit Card'),
(104,72,'Pro',999,'2022-09-21','2022-10-21',20220921,0,'Wallet'),
(105,29,'Basic',299,'2023-08-29','2023-11-27',20230829,0,'Wallet'),
(106,115,'Pro',999,'2022-06-29','2022-12-26',20220629,0,'Wallet'),
(107,61,'Enterprise',4999,'2022-07-05','2022-08-04',20220705,0,'UPI'),
(108,22,'Basic',299,'2023-09-02','2023-12-01',20230902,0,'Net Banking'),
(109,106,'Enterprise',4999,'2022-09-01','2023-09-01',20220901,0,'Wallet'),
(110,43,'Basic',299,'2023-08-15','2024-02-11',20230815,1,'Credit Card'),
(111,68,'Free',0,'2022-02-23','2022-05-24',20220223,0,'Net Banking'),
(112,103,'Enterprise',4999,'2022-11-05','2023-11-05',20221105,0,'Wallet'),
(113,137,'Basic',299,'2023-01-24','2024-01-24',20230124,1,'Net Banking'),
(114,68,'Basic',299,'2023-06-28','2024-06-27',20230628,1,'Credit Card'),
(115,74,'Enterprise',4999,'2023-01-27','2023-07-26',20230127,0,'COD'),
(116,11,'Free',0,'2023-06-29','2023-12-26',20230629,0,'Net Banking'),
(117,70,'Pro',999,'2022-10-04','2023-04-02',20221004,0,'Credit Card'),
(118,66,'Enterprise',4999,'2023-04-18','2023-07-17',20230418,0,'Wallet'),
(119,50,'Pro',999,'2023-11-25','2024-02-23',20231125,1,'UPI'),
(120,141,'Free',0,'2023-11-20','2023-12-20',20231120,0,'Credit Card'),
(121,4,'Enterprise',4999,'2022-04-11','2022-05-11',20220411,0,'Wallet'),
(122,115,'Pro',999,'2022-08-13','2023-02-09',20220813,0,'UPI'),
(123,50,'Free',0,'2022-01-25','2022-02-24',20220125,0,'Credit Card'),
(124,56,'Free',0,'2022-05-03','2022-06-02',20220503,0,'COD'),
(125,34,'Enterprise',4999,'2023-11-04','2024-02-02',20231104,1,'Credit Card'),
(126,48,'Pro',999,'2022-10-29','2023-10-29',20221029,0,'Wallet'),
(127,20,'Enterprise',4999,'2022-10-11','2023-10-11',20221011,0,'Wallet'),
(128,83,'Pro',999,'2022-06-15','2022-07-15',20220615,0,'UPI'),
(129,16,'Enterprise',4999,'2023-02-02','2023-08-01',20230202,0,'Credit Card'),
(130,67,'Pro',999,'2022-07-02','2023-07-02',20220702,0,'Credit Card'),
(131,126,'Basic',299,'2023-09-17','2024-09-16',20230917,1,'Debit Card'),
(132,126,'Free',0,'2022-05-28','2023-05-28',20220528,0,'Debit Card'),
(133,28,'Enterprise',4999,'2022-09-23','2022-10-23',20220923,0,'Credit Card'),
(134,19,'Free',0,'2023-08-09','2024-02-05',20230809,1,'Net Banking'),
(135,5,'Enterprise',4999,'2022-06-02','2022-07-02',20220602,0,'Credit Card'),
(136,100,'Pro',999,'2022-06-05','2022-12-02',20220605,0,'Net Banking'),
(137,148,'Free',0,'2023-06-12','2024-06-11',20230612,1,'Net Banking'),
(138,112,'Enterprise',4999,'2022-03-13','2022-06-11',20220313,0,'Credit Card'),
(139,99,'Enterprise',4999,'2022-05-05','2022-11-01',20220505,0,'UPI'),
(140,78,'Enterprise',4999,'2022-02-26','2022-03-28',20220226,0,'UPI'),
(141,137,'Pro',999,'2022-03-24','2023-03-24',20220324,0,'UPI'),
(142,52,'Basic',299,'2023-07-22','2023-08-21',20230722,0,'Net Banking'),
(143,49,'Pro',999,'2023-02-04','2023-03-06',20230204,0,'Wallet'),
(144,92,'Enterprise',4999,'2022-03-28','2023-03-28',20220328,0,'Wallet'),
(145,49,'Basic',299,'2022-02-06','2022-05-07',20220206,0,'Credit Card'),
(146,62,'Enterprise',4999,'2023-02-03','2023-03-05',20230203,0,'COD'),
(147,79,'Enterprise',4999,'2023-07-01','2024-06-30',20230701,1,'Credit Card'),
(148,10,'Pro',999,'2022-02-27','2022-08-26',20220227,0,'Wallet'),
(149,11,'Enterprise',4999,'2022-05-02','2022-07-31',20220502,0,'Wallet'),
(150,134,'Enterprise',4999,'2023-11-26','2024-02-24',20231126,1,'Wallet');


-- ============================================================
-- STAR SCHEMA DIAGRAM
-- ============================================================
--
--                    dim_date
--                       |
--   dim_location --- fact_orders --- dim_customer
--                       |                |
--                  dim_product      dim_employee
--
--   dim_location --- fact_deliveries --- dim_customer
--                         |
--                   dim_restaurant
--
--   dim_customer --- fact_subscriptions
--                         |
--                      dim_date
--
-- ============================================================
-- HOW TO USE
-- ============================================================
-- 1. Open MySQL Workbench or any MySQL client
-- 2. Run this entire file: SOURCE phase1_analyst_database.sql;
-- 3. Use: USE phase1_analyst;
-- 4. Start solving case studies from Day01 to Day20!
-- ============================================================
